{
  "sequential": {
    "avg_time": 3.7555253999998968,
    "all_times": [
      3.7555253999998968
    ]
  },
  "threading_2": {
    "avg_time": 2.4817762000020593,
    "all_times": [
      2.4817762000020593
    ]
  },
  "threading_4": {
    "avg_time": 1.5293262999985018,
    "all_times": [
      1.5293262999985018
    ]
  },
  "threading_8": {
    "avg_time": 1.1741186999970523,
    "all_times": [
      1.1741186999970523
    ]
  }
}