{
  "sequential": {
    "avg_time": 3.625691250024829,
    "all_times": [
      3.625691250024829
    ]
  },
  "threading_2": {
    "avg_time": 3.7576192500127945,
    "all_times": [
      3.7576192500127945
    ]
  },
  "threading_4": {
    "avg_time": 1.4700067089870572,
    "all_times": [
      1.4700067089870572
    ]
  },
  "threading_8": {
    "avg_time": 2.376648750010645,
    "all_times": [
      2.376648750010645
    ]
  }
}