{
  "sequential": {
    "min_time": 23.014922333008144,
    "max": 23.014922333008144,
    "avg_time": 23.014922333008144,
    "all_times": [
      23.014922333008144
    ]
  },
  "threading_2": {
    "min_time": 11.78727141598938,
    "max": 11.78727141598938,
    "avg_time": 11.78727141598938,
    "all_times": [
      11.78727141598938
    ]
  },
  "threading_4": {
    "min_time": 6.451223582989769,
    "max": 6.451223582989769,
    "avg_time": 6.451223582989769,
    "all_times": [
      6.451223582989769
    ]
  },
  "threading_8": {
    "min_time": 6.15640783298295,
    "max": 6.15640783298295,
    "avg_time": 6.15640783298295,
    "all_times": [
      6.15640783298295
    ]
  }
}