{
  "sequential": {
    "min_time": 21.91256940000312,
    "max": 21.91256940000312,
    "avg_time": 21.91256940000312,
    "all_times": [
      21.91256940000312
    ]
  },
  "threading_2": {
    "min_time": 11.746615199997905,
    "max": 11.746615199997905,
    "avg_time": 11.746615199997905,
    "all_times": [
      11.746615199997905
    ]
  },
  "threading_4": {
    "min_time": 6.340640300004452,
    "max": 6.340640300004452,
    "avg_time": 6.340640300004452,
    "all_times": [
      6.340640300004452
    ]
  },
  "threading_8": {
    "min_time": 3.7656932000027155,
    "max": 3.7656932000027155,
    "avg_time": 3.7656932000027155,
    "all_times": [
      3.7656932000027155
    ]
  }
}