{
  "sequential": {
    "avg_time": 24.738862999976845,
    "all_times": [
      24.738862999976845
    ]
  },
  "threading_2": {
    "avg_time": 13.557226749981055,
    "all_times": [
      13.557226749981055
    ]
  },
  "threading_4": {
    "avg_time": 13.512973291013623,
    "all_times": [
      13.512973291013623
    ]
  },
  "threading_8": {
    "avg_time": 13.729964875004953,
    "all_times": [
      13.729964875004953
    ]
  }
}