{
  "sequential": {
    "avg_time": 21.953743400001258,
    "all_times": [
      21.953743400001258
    ]
  },
  "threading_2": {
    "avg_time": 12.372725599998375,
    "all_times": [
      12.372725599998375
    ]
  },
  "threading_4": {
    "avg_time": 8.41956940000091,
    "all_times": [
      8.41956940000091
    ]
  },
  "threading_8": {
    "avg_time": 8.242868200002704,
    "all_times": [
      8.242868200002704
    ]
  }
}