{
  "sequential": {
    "min_time": 32.203282833012054,
    "max": 32.203282833012054,
    "avg_time": 32.203282833012054,
    "all_times": [
      32.203282833012054
    ]
  },
  "threading_2": {
    "min_time": 16.541806749999523,
    "max": 16.541806749999523,
    "avg_time": 16.541806749999523,
    "all_times": [
      16.541806749999523
    ]
  },
  "threading_4": {
    "min_time": 13.194386291026603,
    "max": 13.194386291026603,
    "avg_time": 13.194386291026603,
    "all_times": [
      13.194386291026603
    ]
  },
  "threading_8": {
    "min_time": 9.875979416014161,
    "max": 9.875979416014161,
    "avg_time": 9.875979416014161,
    "all_times": [
      9.875979416014161
    ]
  }
}