{
  "sequential": {
    "min_time": 34.82855479999853,
    "max": 34.82855479999853,
    "avg_time": 34.82855479999853,
    "all_times": [
      34.82855479999853
    ]
  },
  "threading_2": {
    "min_time": 18.54612630000338,
    "max": 18.54612630000338,
    "avg_time": 18.54612630000338,
    "all_times": [
      18.54612630000338
    ]
  },
  "threading_4": {
    "min_time": 15.86038710000139,
    "max": 15.86038710000139,
    "avg_time": 15.86038710000139,
    "all_times": [
      15.86038710000139
    ]
  },
  "threading_8": {
    "min_time": 10.333144999996875,
    "max": 10.333144999996875,
    "avg_time": 10.333144999996875,
    "all_times": [
      10.333144999996875
    ]
  }
}