{
  "linear_regression_seq": {
    "avg_time": 2.1334265999976196,
    "all_times": [
      2.1334265999976196
    ]
  },
  "linear_reg_threading_2": {
    "avg_time": 2.1567529999956605,
    "all_times": [
      2.1567529999956605
    ]
  },
  "linear_reg_threading_4": {
    "avg_time": 2.120456800003012,
    "all_times": [
      2.120456800003012
    ]
  },
  "linear_reg_threading_8": {
    "avg_time": 2.1783540999967954,
    "all_times": [
      2.1783540999967954
    ]
  },
  "random_forest_seq": {
    "avg_time": 40.87006770000153,
    "all_times": [
      40.87006770000153
    ]
  },
  "random_forest_threading_2": {
    "avg_time": 21.077627499995288,
    "all_times": [
      21.077627499995288
    ]
  },
  "random_forest_threading_4": {
    "avg_time": 12.1304339000053,
    "all_times": [
      12.1304339000053
    ]
  },
  "random_forest_threading_8": {
    "avg_time": 7.0372606000019005,
    "all_times": [
      7.0372606000019005
    ]
  }
}