{
  "linear_regression_seq": {
    "avg_time": 2.0206292090006173,
    "all_times": [
      2.0206292090006173
    ]
  },
  "linear_reg_threading_2": {
    "avg_time": 1.728254832996754,
    "all_times": [
      1.728254832996754
    ]
  },
  "linear_reg_threading_4": {
    "avg_time": 1.6422298749967013,
    "all_times": [
      1.6422298749967013
    ]
  },
  "linear_reg_threading_8": {
    "avg_time": 1.883780249976553,
    "all_times": [
      1.883780249976553
    ]
  },
  "random_forest_seq": {
    "avg_time": 34.57599012501305,
    "all_times": [
      34.57599012501305
    ]
  },
  "random_forest_threading_2": {
    "avg_time": 17.747746750013903,
    "all_times": [
      17.747746750013903
    ]
  },
  "random_forest_threading_4": {
    "avg_time": 10.489650292001897,
    "all_times": [
      10.489650292001897
    ]
  },
  "random_forest_threading_8": {
    "avg_time": 7.646873124991544,
    "all_times": [
      7.646873124991544
    ]
  }
}