{
  "sequential": {
    "min_time": 39.55475029999798,
    "max": 39.55475029999798,
    "avg_time": 39.55475029999798,
    "all_times": [
      39.55475029999798
    ]
  },
  "threading_2": {
    "min_time": 20.953026399998635,
    "max": 20.953026399998635,
    "avg_time": 20.953026399998635,
    "all_times": [
      20.953026399998635
    ]
  },
  "threading_4": {
    "min_time": 11.83702269999776,
    "max": 11.83702269999776,
    "avg_time": 11.83702269999776,
    "all_times": [
      11.83702269999776
    ]
  },
  "threading_8": {
    "min_time": 8.047746000003826,
    "max": 8.047746000003826,
    "avg_time": 8.047746000003826,
    "all_times": [
      8.047746000003826
    ]
  }
}