{
  "sequential": {
    "min_time": 64.17277241699048,
    "max": 64.17277241699048,
    "avg_time": 64.17277241699048,
    "all_times": [
      64.17277241699048
    ]
  },
  "threading_2": {
    "min_time": 53.034007958020084,
    "max": 53.034007958020084,
    "avg_time": 53.034007958020084,
    "all_times": [
      53.034007958020084
    ]
  },
  "threading_4": {
    "min_time": 103.42722087498987,
    "max": 103.42722087498987,
    "avg_time": 103.42722087498987,
    "all_times": [
      103.42722087498987
    ]
  },
  "threading_8": {
    "min_time": 87.03661687500426,
    "max": 87.03661687500426,
    "avg_time": 87.03661687500426,
    "all_times": [
      87.03661687500426
    ]
  }
}