{
  "Data Preprocessing_sequential": {
    "gil_mean": 3.7118171000001894,
    "nogil_mean": 3.7137880999980553,
    "speedup": 0.9994692750515661,
    "p_value": 0.4099427380824133,
    "significant": false
  },
  "Data Preprocessing_threading_2": {
    "gil_mean": 2.51968300000226,
    "nogil_mean": 2.405632899997727,
    "speedup": 1.0474096026890225,
    "p_value": 3.7852534680549426e-11,
    "significant": true
  },
  "Data Preprocessing_threading_4": {
    "gil_mean": 1.569519799999398,
    "nogil_mean": 1.4845148999993398,
    "speedup": 1.0572610621827345,
    "p_value": 1.235322011122563e-06,
    "significant": true
  },
  "Data Preprocessing_threading_8": {
    "gil_mean": 1.190523999997822,
    "nogil_mean": 1.1275687999986985,
    "speedup": 1.055832690651955,
    "p_value": 1.8170084147721837e-11,
    "significant": true
  },
  "Image Processing_sequential": {
    "gil_mean": 19.816636900002777,
    "nogil_mean": 21.56095930000447,
    "speedup": 0.919098108032636,
    "p_value": 7.736485806572139e-29,
    "significant": true
  },
  "Image Processing_threading_2": {
    "gil_mean": 10.76111310000124,
    "nogil_mean": 12.016043700001319,
    "speedup": 0.895562080886911,
    "p_value": 1.3630800445841445e-31,
    "significant": true
  },
  "Image Processing_threading_4": {
    "gil_mean": 6.3012771000030625,
    "nogil_mean": 7.998677600000519,
    "speedup": 0.7877898591640515,
    "p_value": 3.2818699785800837e-15,
    "significant": true
  },
  "Image Processing_threading_8": {
    "gil_mean": 5.1270539999968605,
    "nogil_mean": 8.143292100001418,
    "speedup": 0.6296045797001397,
    "p_value": 1.4816446602043015e-33,
    "significant": true
  },
  "ML Training_linear_reg_threading_2": {
    "gil_mean": 2.105814000002283,
    "nogil_mean": 2.0847328000018024,
    "speedup": 1.0101121832018294,
    "p_value": 0.44980405353401665,
    "significant": false
  },
  "ML Training_linear_reg_threading_4": {
    "gil_mean": 2.117119399998046,
    "nogil_mean": 2.111932699997851,
    "speedup": 1.0024559021223547,
    "p_value": 0.10587566572829178,
    "significant": false
  },
  "ML Training_linear_reg_threading_8": {
    "gil_mean": 2.117687500001921,
    "nogil_mean": 2.07480989999749,
    "speedup": 1.0206657969023971,
    "p_value": 0.3509337464986799,
    "significant": false
  },
  "ML Training_linear_regression_seq": {
    "gil_mean": 2.105714800003625,
    "nogil_mean": 2.0927308999962406,
    "speedup": 1.0062042855139224,
    "p_value": 0.19436811479242908,
    "significant": false
  },
  "ML Training_random_forest_seq": {
    "gil_mean": 39.522447499999544,
    "nogil_mean": 39.30237579999812,
    "speedup": 1.005599450300952,
    "p_value": 0.37212217961731087,
    "significant": false
  },
  "ML Training_random_forest_threading_2": {
    "gil_mean": 20.553766400000313,
    "nogil_mean": 20.597854699997697,
    "speedup": 0.9978595683560488,
    "p_value": 0.04406994694318452,
    "significant": true
  },
  "ML Training_random_forest_threading_4": {
    "gil_mean": 11.807633199998236,
    "nogil_mean": 11.705822500000068,
    "speedup": 1.0086974409528393,
    "p_value": 0.4233676749385967,
    "significant": false
  },
  "ML Training_random_forest_threading_8": {
    "gil_mean": 6.981948699998611,
    "nogil_mean": 6.880789599999844,
    "speedup": 1.014701670284871,
    "p_value": 0.16340204839374609,
    "significant": false
  },
  "Streaming_workers_1: avg_latency": {
    "gil_mean": 51.079732400001376,
    "nogil_mean": 61.84285700000328,
    "speedup": 0.8259601007760471,
    "p_value": 4.858508448765095e-38,
    "significant": true
  },
  "Streaming_workers_1: throughput": {
    "gil_mean": 39154.472938483756,
    "nogil_mean": 32340.032414213238,
    "speedup": 1.2107122354421518,
    "p_value": 1.8078380435827107e-40,
    "significant": true
  },
  "Streaming_workers_2: avg_latency": {
    "gil_mean": 50.618825300000026,
    "nogil_mean": 33.54486159999942,
    "speedup": 1.5089889445243947,
    "p_value": 1.536523279911902e-51,
    "significant": true
  },
  "Streaming_workers_2: throughput": {
    "gil_mean": 39510.99197002677,
    "nogil_mean": 59540.62424691876,
    "speedup": 0.6635972072810687,
    "p_value": 3.3394111723575426e-35,
    "significant": true
  },
  "Streaming_workers_4: avg_latency": {
    "gil_mean": 50.751338200003374,
    "nogil_mean": 17.412989800002833,
    "speedup": 2.914567732647217,
    "p_value": 2.6386254764811643e-41,
    "significant": true
  },
  "Streaming_workers_4: throughput": {
    "gil_mean": 39407.827870053276,
    "nogil_mean": 114618.11112328665,
    "speedup": 0.34381850724851887,
    "p_value": 3.740743929601105e-54,
    "significant": true
  },
  "Streaming_workers_8: avg_latency": {
    "gil_mean": 50.98323910000181,
    "nogil_mean": 12.331113799999002,
    "speedup": 4.134520200438499,
    "p_value": 1.0553542459626379e-42,
    "significant": true
  },
  "Streaming_workers_8: throughput": {
    "gil_mean": 39228.57855378398,
    "nogil_mean": 159752.56021401787,
    "speedup": 0.2455583716544517,
    "p_value": 9.839186514419973e-38,
    "significant": true
  },
  "SIMD Vectorization_matrix: elementwise": {
    "gil_mean": 0.006504500001028646,
    "nogil_mean": 0.006561399997735862,
    "speedup": 0.9913280707277639,
    "p_value": 0.40821113249986735,
    "significant": false
  },
  "SIMD Vectorization_matrix: matmul": {
    "gil_mean": 0.008795399997325148,
    "nogil_mean": 0.008792399996309541,
    "speedup": 1.0003412038825426,
    "p_value": 0.9965131657787495,
    "significant": false
  },
  "SIMD Vectorization_matrix: reductions": {
    "gil_mean": 0.001087699994968716,
    "nogil_mean": 0.0011214999976800755,
    "speedup": 0.96986178976257,
    "p_value": 0.6732230453408939,
    "significant": false
  },
  "SIMD Vectorization_sequential: numpy": {
    "gil_mean": 0.8603091999975732,
    "nogil_mean": 0.8405131000035908,
    "speedup": 1.0235523991165607,
    "p_value": 0.03435302707223587,
    "significant": true
  },
  "SIMD Vectorization_sequential: numpy_complex": {
    "gil_mean": 6.584259800001746,
    "nogil_mean": 6.619797199993627,
    "speedup": 0.9946316482335871,
    "p_value": 0.21386527950075393,
    "significant": false
  },
  "SIMD Vectorization_threaded: numpy_threaded_2": {
    "gil_mean": 0.5668720999965444,
    "nogil_mean": 0.567068800002744,
    "speedup": 0.9996531284983434,
    "p_value": 0.005734113676045084,
    "significant": true
  },
  "SIMD Vectorization_threaded: numpy_threaded_4": {
    "gil_mean": 0.3997134000019287,
    "nogil_mean": 0.4045126000055461,
    "speedup": 0.9881358454506691,
    "p_value": 0.8215488888693684,
    "significant": false
  },
  "SIMD Vectorization_threaded: numpy_threaded_8": {
    "gil_mean": 0.3295858000055887,
    "nogil_mean": 0.3248502999995253,
    "speedup": 1.0145774838627832,
    "p_value": 0.36024875367817455,
    "significant": false
  },
  "Mandelbrot_sequential": {
    "gil_mean": 26.54535190000024,
    "nogil_mean": 34.5229662999991,
    "speedup": 0.7689186285247145,
    "p_value": 4.4362315067474576e-29,
    "significant": true
  },
  "Mandelbrot_threading_2": {
    "gil_mean": 26.62938220000069,
    "nogil_mean": 17.971123800001806,
    "speedup": 1.481787254729057,
    "p_value": 2.585445405847551e-34,
    "significant": true
  },
  "Mandelbrot_threading_4": {
    "gil_mean": 26.68216169999505,
    "nogil_mean": 14.838969800002815,
    "speedup": 1.7981141588407294,
    "p_value": 2.636473480063397e-42,
    "significant": true
  },
  "Mandelbrot_threading_8": {
    "gil_mean": 27.0829808999988,
    "nogil_mean": 9.772228699999687,
    "speedup": 2.7714231554977493,
    "p_value": 3.380571102372482e-47,
    "significant": true
  },
  "Monte Carlo_sequential": {
    "gil_mean": 28.929007899998396,
    "nogil_mean": 38.62632770000346,
    "speedup": 0.7489453339877248,
    "p_value": 2.543907261871453e-27,
    "significant": true
  },