{
  "Data Preprocessing_sequential": {
    "gil_mean": 3.341845207993174,
    "nogil_mean": 3.2770253749913536,
    "speedup": 1.019780082722732,
    "p_value": 0.01818004377498939,
    "significant": true
  },
  "Data Preprocessing_threading_2": {
    "gil_mean": 2.6851515840098727,
    "nogil_mean": 3.254996208997909,
    "speedup": 0.8249323229892578,
    "p_value": 0.628283949586291,
    "significant": false
  },
  "Data Preprocessing_threading_4": {
    "gil_mean": 1.4012299589812756,
    "nogil_mean": 1.3818154170003254,
    "speedup": 1.0140500255982783,
    "p_value": 0.6026280626304834,
    "significant": false
  },
  "Data Preprocessing_threading_8": {
    "gil_mean": 1.9094169580203015,
    "nogil_mean": 2.2832957500068005,
    "speedup": 0.8362547681414528,
    "p_value": 0.04998482967475449,
    "significant": true
  },
  "Image Processing_sequential": {
    "gil_mean": 22.656043750001118,
    "nogil_mean": 23.67449858301552,
    "speedup": 0.9569809333260786,
    "p_value": 6.9900305307491e-09,
    "significant": true
  },
  "Image Processing_threading_2": {
    "gil_mean": 11.791386124998098,
    "nogil_mean": 13.284635832998902,
    "speedup": 0.8875957364001212,
    "p_value": 0.0012257351255821796,
    "significant": true
  },
  "Image Processing_threading_4": {
    "gil_mean": 7.822416415991029,
    "nogil_mean": 12.841236290987581,
    "speedup": 0.60916380936632,
    "p_value": 1.1690178452894292e-06,
    "significant": true
  },
  "Image Processing_threading_8": {
    "gil_mean": 9.00218379101716,
    "nogil_mean": 12.199626624991652,
    "speedup": 0.7379065005625384,
    "p_value": 1.4785961652373274e-22,
    "significant": true
  },
  "ML Training_linear_reg_threading_2": {
    "gil_mean": 1.7102299580001272,
    "nogil_mean": 1.6781557080103084,
    "speedup": 1.0191127973624374,
    "p_value": 0.0012474770137967505,
    "significant": true
  },
  "ML Training_linear_reg_threading_4": {
    "gil_mean": 1.6178592910000589,
    "nogil_mean": 1.608571041986579,
    "speedup": 1.0057742236873846,
    "p_value": 0.01287565699472933,
    "significant": true
  },
  "ML Training_linear_reg_threading_8": {
    "gil_mean": 1.6311599999899045,
    "nogil_mean": 1.607922499999404,
    "speedup": 1.0144518781163328,
    "p_value": 0.12538147639453737,
    "significant": false
  },
  "ML Training_linear_regression_seq": {
    "gil_mean": 1.8810286670050118,
    "nogil_mean": 1.8900107920053415,
    "speedup": 0.9952475800464613,
    "p_value": 0.002386200118409567,
    "significant": true
  },
  "ML Training_random_forest_seq": {
    "gil_mean": 32.61054737502127,
    "nogil_mean": 33.055385208979715,
    "speedup": 0.9865426516391768,
    "p_value": 0.0034573302697451657,
    "significant": true
  },
  "ML Training_random_forest_threading_2": {
    "gil_mean": 17.2991563329997,
    "nogil_mean": 17.188410166010726,
    "speedup": 1.0064430721584694,
    "p_value": 0.002531723891865118,
    "significant": true
  },
  "ML Training_random_forest_threading_4": {
    "gil_mean": 9.605011417006608,
    "nogil_mean": 9.743445041996893,
    "speedup": 0.985792127487393,
    "p_value": 0.0058789173782096285,
    "significant": true
  },
  "ML Training_random_forest_threading_8": {
    "gil_mean": 6.976956041995436,
    "nogil_mean": 6.923571791994618,
    "speedup": 1.0077105071781798,
    "p_value": 0.002772691164972184,
    "significant": true
  },
  "Streaming_workers_1: avg_latency": {
    "gil_mean": 48.20381108400761,
    "nogil_mean": 58.27479116601171,
    "speedup": 0.8271811896620247,
    "p_value": 7.522680676173086e-32,
    "significant": true
  },
  "Streaming_workers_1: throughput": {
    "gil_mean": 41490.49535674663,
    "nogil_mean": 34320.157308983435,
    "speedup": 1.2089249761651393,
    "p_value": 1.865537969180986e-39,
    "significant": true
  },
  "Streaming_workers_2: avg_latency": {
    "gil_mean": 48.27896929200506,
    "nogil_mean": 28.906503292004345,
    "speedup": 1.6701767351210277,
    "p_value": 1.0846853227648435e-44,
    "significant": true
  },
  "Streaming_workers_2: throughput": {
    "gil_mean": 41425.90509465934,
    "nogil_mean": 69187.30293068725,
    "speedup": 0.5987501078942239,
    "p_value": 1.0477870304200906e-27,
    "significant": true
  },
  "Streaming_workers_4: avg_latency": {
    "gil_mean": 70.70924149997882,
    "nogil_mean": 15.3310992080078,
    "speedup": 4.61214427880329,
    "p_value": 2.5805998947607586e-44,
    "significant": true
  },
  "Streaming_workers_4: throughput": {
    "gil_mean": 28284.845906207524,
    "nogil_mean": 130389.60695169702,
    "speedup": 0.21692561675322541,
    "p_value": 2.0888481295118702e-31,
    "significant": true
  },
  "Streaming_workers_8: avg_latency": {
    "gil_mean": 72.01643099999637,
    "nogil_mean": 20.36500445799902,
    "speedup": 3.536283586312183,
    "p_value": 1.8755456490515125e-51,
    "significant": true
  },
  "Streaming_workers_8: throughput": {
    "gil_mean": 27771.440103333214,
    "nogil_mean": 93061.50675368684,
    "speedup": 0.29842027141079985,
    "p_value": 6.426203771054142e-29,
    "significant": true
  },
  "SIMD Vectorization_matrix: elementwise": {
    "gil_mean": 0.0027264579839538783,
    "nogil_mean": 0.003767917020013556,
    "speedup": 0.7235982027927115,
    "p_value": 0.9942753426827208,
    "significant": false
  },
  "SIMD Vectorization_matrix: matmul": {
    "gil_mean": 0.008702874998562038,
    "nogil_mean": 0.009853833995293826,
    "speedup": 0.8831968351322456,
    "p_value": 0.9762831479838586,
    "significant": false
  },
  "SIMD Vectorization_matrix: reductions": {
    "gil_mean": 0.0005287920066621155,
    "nogil_mean": 0.0036624170024879277,
    "speedup": 0.1443833420123651,
    "p_value": 0.2706186965949869,
    "significant": false
  },
  "SIMD Vectorization_sequential: numpy": {
    "gil_mean": 1.241463374986779,
    "nogil_mean": 1.2547028329863679,
    "speedup": 0.9894481325366284,
    "p_value": 0.9219284095353895,
    "significant": false
  },
  "SIMD Vectorization_sequential: numpy_complex": {
    "gil_mean": 61.184911832999205,
    "nogil_mean": 72.02037266700063,
    "speedup": 0.8495500587854334,
    "p_value": 0.7862780227345828,
    "significant": false
  },
  "SIMD Vectorization_threaded: numpy_threaded_2": {
    "gil_mean": 0.5093027919938322,
    "nogil_mean": 16.39951304101851,
    "speedup": 0.031055970425460964,
    "p_value": 1.0744882313378894e-16,
    "significant": true
  },
  "SIMD Vectorization_threaded: numpy_threaded_4": {
    "gil_mean": 0.25277404199005105,
    "nogil_mean": 0.7146141249977518,
    "speedup": 0.35372102670213285,
    "p_value": 0.0029392793006090575,
    "significant": true
  },
  "SIMD Vectorization_threaded: numpy_threaded_8": {
    "gil_mean": 0.25604654199560173,
    "nogil_mean": 0.28947558300569654,
    "speedup": 0.8845186158259263,
    "p_value": 0.06709435995580999,
    "significant": false
  },
  "Mandelbrot_sequential": {
    "gil_mean": 20.856933125003707,
    "nogil_mean": 32.17135054199025,
    "speedup": 0.6483076642300455,
    "p_value": 9.618886855339438e-29,
    "significant": true
  },
  "Mandelbrot_threading_2": {
    "gil_mean": 20.90980804199353,
    "nogil_mean": 16.50619720798568,
    "speedup": 1.2667853036359815,
    "p_value": 4.6352124306172003e-20,
    "significant": true
  },
  "Mandelbrot_threading_4": {
    "gil_mean": 20.93288770801155,
    "nogil_mean": 13.156824582983973,
    "speedup": 1.5910288668805799,
    "p_value": 2.055634664352977e-47,
    "significant": true
  },
  "Mandelbrot_threading_8": {
    "gil_mean": 20.94052266597282,
    "nogil_mean": 9.641540333017474,
    "speedup": 2.17190634926475,
    "p_value": 1.2266150583776973e-57,
    "significant": true
  },
  "Monte Carlo_sequential": {
    "gil_mean": 24.62125883300905,
    "nogil_mean": 61.010555499990005,
    "speedup": 0.40355736202095527,
    "p_value": 2.0152371253244654e-30,
    "significant": true
  },