{
  "workers_1": {
    "avg_latency": {
      "mean": 62.05166199999803
    },
    "throughput": {
      "mean": 32231.207601946782
    }
  },
  "workers_2": {
    "avg_latency": {
      "mean": 34.17376979999972
    },
    "throughput": {
      "mean": 58447.78061159553
    }
  },
  "workers_4": {
    "avg_latency": {
      "mean": 17.428526999996393
    },
    "throughput": {
      "mean": 114546.85756781777
    }
  },
  "workers_8": {
    "avg_latency": {
      "mean": 12.378623500000685
    },
    "throughput": {
      "mean": 159149.76328674518
    }
  }
}