{
  "workers_1": {
    "avg_latency": {
      "mean": 59.0284852499899
    },
    "throughput": {
      "mean": 33881.94685152386
    }
  },
  "workers_2": {
    "avg_latency": {
      "mean": 29.66844670800492
    },
    "throughput": {
      "mean": 67400.63002331236
    }
  },
  "workers_4": {
    "avg_latency": {
      "mean": 15.999792457994772
    },
    "throughput": {
      "mean": 124813.49399487561
    }
  },
  "workers_8": {
    "avg_latency": {
      "mean": 20.526104749995284
    },
    "throughput": {
      "mean": 91918.17068499152
    }
  }
}