{
  "sequential": {
    "avg_time": 2.312953930658599,
    "all_times": [
      2.2784635829739273,
      2.4218627919908613,
      2.2385354170110077
    ]
  },
  "threading_2": {
    "avg_time": 1.710620763944462,
    "all_times": [
      1.7066237499238923,
      1.7030360419303179,
      1.7222024999791756
    ]
  },
  "threading_4": {
    "avg_time": 1.225689069678386,
    "all_times": [
      1.2432717089541256,
      1.2174222910543904,
      1.2163732090266421
    ]
  },
  "threading_8": {
    "avg_time": 1.3138397226575762,
    "all_times": [
      1.1024301670258865,
      1.4236554589588195,
      1.4154335419880226
    ]
  },
  "multiprocessing_2": {
    "avg_time": 7.271765444350119,
    "all_times": [
      7.5926808749791235,
      8.200955833075568,
      6.021659624995664
    ]
  },
  "multiprocessing_4": {
    "avg_time": 4.732574138984394,
    "all_times": [
      4.6624979169573635,
      4.55470670806244,
      4.98051779193338
    ]
  },
  "multiprocessing_8": {
    "avg_time": 4.101190944279854,
    "all_times": [
      4.171631915960461,
      4.318090041982941,
      3.8138508748961613
    ]
  }
}