{
  "sequential": {
    "avg_time": 2.2833986670011654,
    "all_times": [
      2.2833986670011654
    ]
  },
  "threading_2": {
    "avg_time": 2.8063764590770006,
    "all_times": [
      2.8063764590770006
    ]
  },
  "threading_4": {
    "avg_time": 1.2166382499272004,
    "all_times": [
      1.2166382499272004
    ]
  },
  "threading_8": {
    "avg_time": 1.1156109999865294,
    "all_times": [
      1.1156109999865294
    ]
  }
}