{
  "sequential": {
    "avg_time": 2.2380708330019843,
    "all_times": [
      2.2380708330019843
    ]
  },
  "threading_2": {
    "avg_time": 2.4650742920057382,
    "all_times": [
      2.4650742920057382
    ]
  },
  "threading_4": {
    "avg_time": 1.1624407079943921,
    "all_times": [
      1.1624407079943921
    ]
  },
  "threading_8": {
    "avg_time": 1.0693029169924557,
    "all_times": [
      1.0693029169924557
    ]
  }
}