{
  "sequential": {
    "avg_time": 10.613367083016783,
    "all_times": [
      16.197637583012693,
      8.926841708016582,
      6.7156219580210745
    ]
  },
  "threading_2": {
    "avg_time": 5.184559916689371,
    "all_times": [
      6.208294832962565,
      4.112031000084244,
      5.233353917021304
    ]
  },
  "threading_4": {
    "avg_time": 4.56030537498494,
    "all_times": [
      4.081240457948297,
      5.571318499976769,
      4.028357167029753
    ]
  },
  "threading_8": {
    "avg_time": 3.208287263677145,
    "all_times": [
      2.843159249983728,
      2.7916247909888625,
      3.9900777500588447
    ]
  },
  "multiprocessing_2": {
    "avg_time": 12.168820249964483,
    "all_times": [
      13.441064208978787,
      12.326838915934786,
      10.738557624979876
    ]
  },
  "multiprocessing_4": {
    "avg_time": 9.810178458651839,
    "all_times": [
      8.513421208946966,
      10.323760292027146,
      10.593353874981403
    ]
  },
  "multiprocessing_8": {
    "avg_time": 11.83496470830869,
    "all_times": [
      10.950667582917958,
      10.553496666951105,
      14.000729875057004
    ]
  }
}