{
  "sequential": {
    "avg_time": 3.3943599589983933,
    "all_times": [
      3.3943599589983933
    ]
  },
  "threading_2": {
    "avg_time": 2.3154455830081133,
    "all_times": [
      2.3154455830081133
    ]
  },
  "threading_4": {
    "avg_time": 2.1025401660008356,
    "all_times": [
      2.1025401660008356
    ]
  },
  "threading_8": {
    "avg_time": 2.3944199999968987,
    "all_times": [
      2.3944199999968987
    ]
  }
}