{
  "sequential": {
    "avg_time": 3.670254600001499,
    "all_times": [
      3.670254600001499
    ]
  },
  "threading_2": {
    "avg_time": 2.3573292000000947,
    "all_times": [
      2.3573292000000947
    ]
  },
  "threading_4": {
    "avg_time": 1.5691306000007899,
    "all_times": [
      1.5691306000007899
    ]
  },
  "threading_8": {
    "avg_time": 1.1917299999986426,
    "all_times": [
      1.1917299999986426
    ]
  }
}