{
  "sequential": {
    "avg_time": 2.2380572910042247,
    "all_times": [
      2.2380572910042247
    ]
  },
  "threading_2": {
    "avg_time": 2.9085142909898423,
    "all_times": [
      2.9085142909898423
    ]
  },
  "threading_4": {
    "avg_time": 1.211442125000758,
    "all_times": [
      1.211442125000758
    ]
  },
  "threading_8": {
    "avg_time": 1.0792791249987204,
    "all_times": [
      1.0792791249987204
    ]
  }
}