{
  "sequential": {
    "avg_time": 4.076539930305444,
    "all_times": [
      3.8153089159168303,
      4.796602000016719,
      3.6177088749827817
    ]
  },
  "threading_4": {
    "avg_time": 1.8924966389701392,
    "all_times": [
      2.644289082963951,
      1.4104216669220477,
      1.6227791670244187
    ]
  },
  "threading_8": {
    "avg_time": 2.3874460279863947,
    "all_times": [
      2.446863666991703,
      2.3331650419859216,
      2.38230937498156
    ]
  }
}