{
  "sequential": {
    "min_time": 14.721044500009157,
    "max": 14.721044500009157,
    "avg_time": 14.721044500009157,
    "all_times": [
      14.721044500009157
    ]
  },
  "threading_2": {
    "min_time": 7.644935499993153,
    "max": 7.644935499993153,
    "avg_time": 7.644935499993153,
    "all_times": [
      7.644935499993153
    ]
  },
  "threading_4": {
    "min_time": 4.331523000000743,
    "max": 4.331523000000743,
    "avg_time": 4.331523000000743,
    "all_times": [
      4.331523000000743
    ]
  },
  "threading_8": {
    "min_time": 2.787854399997741,
    "max": 2.787854399997741,
    "avg_time": 2.787854399997741,
    "all_times": [
      2.787854399997741
    ]
  }
}