{
  "sequential": {
    "min_time": 23.422310916997958,
    "max": 23.422310916997958,
    "avg_time": 23.422310916997958,
    "all_times": [
      23.422310916997958
    ]
  },
  "threading_2": {
    "min_time": 11.711462332998053,
    "max": 11.711462332998053,
    "avg_time": 11.711462332998053,
    "all_times": [
      11.711462332998053
    ]
  },
  "threading_4": {
    "min_time": 7.532659291988239,
    "max": 7.532659291988239,
    "avg_time": 7.532659291988239,
    "all_times": [
      7.532659291988239
    ]
  },
  "threading_8": {
    "min_time": 5.475210082993726,
    "max": 5.475210082993726,
    "avg_time": 5.475210082993726,
    "all_times": [
      5.475210082993726
    ]
  }
}