{
  "sequential": {
    "min_time": 13.375457874994026,
    "max": 13.375457874994026,
    "avg_time": 13.375457874994026,
    "all_times": [
      13.375457874994026
    ]
  },
  "threading_2": {
    "min_time": 6.873429375002161,
    "max": 6.873429375002161,
    "avg_time": 6.873429375002161,
    "all_times": [
      6.873429375002161
    ]
  },
  "threading_4": {
    "min_time": 3.7794615830061957,
    "max": 3.7794615830061957,
    "avg_time": 3.7794615830061957,
    "all_times": [
      3.7794615830061957
    ]
  },
  "threading_8": {
    "min_time": 2.764490041998215,
    "max": 2.764490041998215,
    "avg_time": 2.764490041998215,
    "all_times": [
      2.764490041998215
    ]
  }
}