{
  "sequential": {
    "min_time": 23.102776125015225,
    "max": 23.102776125015225,
    "avg_time": 23.102776125015225,
    "all_times": [
      23.102776125015225
    ]
  },
  "threading_2": {
    "min_time": 11.679945083044004,
    "max": 11.679945083044004,
    "avg_time": 11.679945083044004,
    "all_times": [
      11.679945083044004
    ]
  },
  "threading_4": {
    "min_time": 5.795880333986133,
    "max": 5.795880333986133,
    "avg_time": 5.795880333986133,
    "all_times": [
      5.795880333986133
    ]
  },
  "threading_8": {
    "min_time": 4.93496387504274,
    "max": 4.93496387504274,
    "avg_time": 4.93496387504274,
    "all_times": [
      4.93496387504274
    ]
  }
}