{
  "sequential": {
    "avg_time": 23.899229792063124,
    "all_times": [
      23.899229792063124
    ]
  },
  "threading_4": {
    "avg_time": 11.772760750027373,
    "all_times": [
      11.772760750027373
    ]
  },
  "threading_8": {
    "avg_time": 8.810366375022568,
    "all_times": [
      8.810366375022568
    ]
  }
}