{
  "sequential": {
    "avg_time": 21.13795889999892,
    "all_times": [
      21.13795889999892
    ]
  },
  "threading_2": {
    "avg_time": 11.989966600005573,
    "all_times": [
      11.989966600005573
    ]
  },
  "threading_4": {
    "avg_time": 8.045130299993616,
    "all_times": [
      8.045130299993616
    ]
  },
  "threading_8": {
    "avg_time": 7.514185199994245,
    "all_times": [
      7.514185199994245
    ]
  }
}