{
  "sequential": {
    "avg_time": 13.868127124995226,
    "all_times": [
      13.868127124995226
    ]
  },
  "threading_2": {
    "avg_time": 7.282113458000822,
    "all_times": [
      7.282113458000822
    ]
  },
  "threading_4": {
    "avg_time": 4.179965458999504,
    "all_times": [
      4.179965458999504
    ]
  },
  "threading_8": {
    "avg_time": 3.4962167920020875,
    "all_times": [
      3.4962167920020875
    ]
  }
}