{
  "sequential": {
    "avg_time": 14.704961165902205,
    "all_times": [
      14.704961165902205
    ]
  },
  "threading_2": {
    "avg_time": 7.810441500041634,
    "all_times": [
      7.810441500041634
    ]
  },
  "threading_4": {
    "avg_time": 4.509793874924071,
    "all_times": [
      4.509793874924071
    ]
  },
  "threading_8": {
    "avg_time": 3.446788707980886,
    "all_times": [
      3.446788707980886
    ]
  }
}