{
  "sequential": {
    "avg_time": 13.512808333995054,
    "all_times": [
      13.512808333995054
    ]
  },
  "threading_2": {
    "avg_time": 7.186038334009936,
    "all_times": [
      7.186038334009936
    ]
  },
  "threading_4": {
    "avg_time": 4.188134208001429,
    "all_times": [
      4.188134208001429
    ]
  },
  "threading_8": {
    "avg_time": 3.1983800000161864,
    "all_times": [
      3.1983800000161864
    ]
  }
}