{
  "sequential": {
    "avg_time": 23.18875545800256,
    "all_times": [
      23.18875545800256
    ]
  },
  "threading_2": {
    "avg_time": 11.768650292011444,
    "all_times": [
      11.768650292011444
    ]
  },
  "threading_4": {
    "avg_time": 9.071706957998686,
    "all_times": [
      9.071706957998686
    ]
  },
  "threading_8": {
    "avg_time": 7.869699333998142,
    "all_times": [
      7.869699333998142
    ]
  }
}