{
  "sequential": {
    "avg_time": 13.700873250025325,
    "all_times": [
      13.700873250025325
    ]
  },
  "threading_2": {
    "avg_time": 7.126251500099897,
    "all_times": [
      7.126251500099897
    ]
  },
  "threading_4": {
    "avg_time": 4.709911792073399,
    "all_times": [
      4.709911792073399
    ]
  },
  "threading_8": {
    "avg_time": 3.416328459046781,
    "all_times": [
      3.416328459046781
    ]
  },
  "multiprocessing_2": {
    "avg_time": 7.604485583025962,
    "all_times": [
      7.604485583025962
    ]
  },
  "multiprocessing_4": {
    "avg_time": 4.347136041964404,
    "all_times": [
      4.347136041964404
    ]
  },
  "multiprocessing_8": {
    "avg_time": 3.7102560839848593,
    "all_times": [
      3.7102560839848593
    ]
  }
}