{
  "sequential": {
    "min_time": 34.453271499995026,
    "max": 34.453271499995026,
    "avg_time": 34.453271499995026,
    "all_times": [
      34.453271499995026
    ]
  },
  "threading_2": {
    "min_time": 18.257775199992466,
    "max": 18.257775199992466,
    "avg_time": 18.257775199992466,
    "all_times": [
      18.257775199992466
    ]
  },
  "threading_4": {
    "min_time": 14.954773699995712,
    "max": 14.954773699995712,
    "avg_time": 14.954773699995712,
    "all_times": [
      14.954773699995712
    ]
  },
  "threading_8": {
    "min_time": 9.98134119999304,
    "max": 9.98134119999304,
    "avg_time": 9.98134119999304,
    "all_times": [
      9.98134119999304
    ]
  }
}