{
  "sequential": {
    "min_time": 35.00968287499563,
    "max": 35.00968287499563,
    "avg_time": 35.00968287499563,
    "all_times": [
      35.00968287499563
    ]
  },
  "threading_2": {
    "min_time": 17.316633209004067,
    "max": 17.316633209004067,
    "avg_time": 17.316633209004067,
    "all_times": [
      17.316633209004067
    ]
  },
  "threading_4": {
    "min_time": 16.181995083999936,
    "max": 16.181995083999936,
    "avg_time": 16.181995083999936,
    "all_times": [
      16.181995083999936
    ]
  },
  "threading_8": {
    "min_time": 12.384545875000185,
    "max": 12.384545875000185,
    "avg_time": 12.384545875000185,
    "all_times": [
      12.384545875000185
    ]
  }
}