{
  "sequential": {
    "min_time": 34.57795000000624,
    "max": 34.57795000000624,
    "avg_time": 34.57795000000624,
    "all_times": [
      34.57795000000624
    ]
  },
  "threading_2": {
    "min_time": 17.9788919169805,
    "max": 17.9788919169805,
    "avg_time": 17.9788919169805,
    "all_times": [
      17.9788919169805
    ]
  },
  "threading_4": {
    "min_time": 15.079908000014257,
    "max": 15.079908000014257,
    "avg_time": 15.079908000014257,
    "all_times": [
      15.079908000014257
    ]
  },
  "threading_8": {
    "min_time": 12.326011416997062,
    "max": 12.326011416997062,
    "avg_time": 12.326011416997062,
    "all_times": [
      12.326011416997062
    ]
  }
}