{
  "sequential": {
    "min_time": 19.97319166599482,
    "max": 19.97319166599482,
    "avg_time": 19.97319166599482,
    "all_times": [
      19.97319166599482
    ]
  },
  "threading_2": {
    "min_time": 10.297495374994469,
    "max": 10.297495374994469,
    "avg_time": 10.297495374994469,
    "all_times": [
      10.297495374994469
    ]
  },
  "threading_4": {
    "min_time": 8.648767749997205,
    "max": 8.648767749997205,
    "avg_time": 8.648767749997205,
    "all_times": [
      8.648767749997205
    ]
  },
  "threading_8": {
    "min_time": 6.738652041996829,
    "max": 6.738652041996829,
    "avg_time": 6.738652041996829,
    "all_times": [
      6.738652041996829
    ]
  }
}