{
  "linear_regression_seq": {
    "avg_time": 2.131460958000389,
    "all_times": [
      2.131460958000389
    ]
  },
  "linear_reg_threading_2": {
    "avg_time": 2.141549624997424,
    "all_times": [
      2.141549624997424
    ]
  },
  "linear_reg_threading_4": {
    "avg_time": 2.180074916992453,
    "all_times": [
      2.180074916992453
    ]
  },
  "linear_reg_threading_8": {
    "avg_time": 2.198466500005452,
    "all_times": [
      2.198466500005452
    ]
  },
  "random_forest_seq": {
    "avg_time": 58.60203283300507,
    "all_times": [
      58.60203283300507
    ]
  },
  "random_forest_threading_2": {
    "avg_time": 30.17346412500774,
    "all_times": [
      30.17346412500774
    ]
  },
  "random_forest_threading_4": {
    "avg_time": 21.480325832992094,
    "all_times": [
      21.480325832992094
    ]
  },
  "random_forest_threading_8": {
    "avg_time": 14.172710832994198,
    "all_times": [
      14.172710832994198
    ]
  }
}