{
  "linear_regression_seq": {
    "avg_time": 2.138649833970703,
    "all_times": [
      2.138649833970703
    ]
  },
  "linear_reg_threading_2": {
    "avg_time": 1.7471254999982193,
    "all_times": [
      1.7471254999982193
    ]
  },
  "linear_reg_threading_4": {
    "avg_time": 1.660299374954775,
    "all_times": [
      1.660299374954775
    ]
  },
  "linear_reg_threading_8": {
    "avg_time": 1.6711790410336107,
    "all_times": [
      1.6711790410336107
    ]
  },
  "random_forest_seq": {
    "avg_time": 34.0875610410003,
    "all_times": [
      34.0875610410003
    ]
  },
  "random_forest_threading_2": {
    "avg_time": 17.799949999898672,
    "all_times": [
      17.799949999898672
    ]
  },
  "random_forest_threading_4": {
    "avg_time": 9.895306333899498,
    "all_times": [
      9.895306333899498
    ]
  },
  "random_forest_threading_8": {
    "avg_time": 7.215574291069061,
    "all_times": [
      7.215574291069061
    ]
  }
}