{
  "linear_regression_seq": {
    "avg_time": 0.1495677090715617,
    "all_times": [
      0.1495677090715617
    ]
  },
  "linear_reg_threading_4": {
    "avg_time": 0.14571645797695965,
    "all_times": [
      0.14571645797695965
    ]
  },
  "linear_reg_threading_8": {
    "avg_time": 0.147440416039899,
    "all_times": [
      0.147440416039899
    ]
  },
  "linear_reg_loky_4": {
    "avg_time": 0.14571258309297264,
    "all_times": [
      0.14571258309297264
    ]
  },
  "linear_reg_loky_8": {
    "avg_time": 0.1461769579909742,
    "all_times": [
      0.1461769579909742
    ]
  },
  "random_forest_seq": {
    "avg_time": 82.83348420902621,
    "all_times": [
      82.83348420902621
    ]
  },
  "random_forest_threading_8": {
    "avg_time": 19.25297391694039,
    "all_times": [
      19.25297391694039
    ]
  },
  "random_forest_loky_8": {
    "avg_time": 21.37748645793181,
    "all_times": [
      21.37748645793181
    ]
  }
}