{
  "linear_regression_seq": {
    "avg_time": 0.1454311249544844,
    "all_times": [
      0.1454311249544844
    ]
  },
  "linear_reg_threading_4": {
    "avg_time": 0.11780962499324232,
    "all_times": [
      0.11780962499324232
    ]
  },
  "linear_reg_threading_8": {
    "avg_time": 0.11350066703744233,
    "all_times": [
      0.11350066703744233
    ]
  },
  "random_forest_seq": {
    "avg_time": 81.42241875000764,
    "all_times": [
      81.42241875000764
    ]
  },
  "random_forest_threading_4": {
    "avg_time": 25.481889083981514,
    "all_times": [
      25.481889083981514
    ]
  },
  "random_forest_threading_8": {
    "avg_time": 18.931107709067874,
    "all_times": [
      18.931107709067874
    ]
  }
}