{
  "linear_regression_seq": {
    "avg_time": 2.342656333988998,
    "all_times": [
      2.342656333988998
    ]
  },
  "linear_reg_threading_2": {
    "avg_time": 1.7399833329982357,
    "all_times": [
      1.7399833329982357
    ]
  },
  "linear_reg_threading_4": {
    "avg_time": 1.9593427919899113,
    "all_times": [
      1.9593427919899113
    ]
  },
  "linear_reg_threading_8": {
    "avg_time": 1.632656624991796,
    "all_times": [
      1.632656624991796
    ]
  },
  "random_forest_seq": {
    "avg_time": 34.31177220799145,
    "all_times": [
      34.31177220799145
    ]
  },
  "random_forest_threading_2": {
    "avg_time": 17.917416708005476,
    "all_times": [
      17.917416708005476
    ]
  },
  "random_forest_threading_4": {
    "avg_time": 10.03978016700421,
    "all_times": [
      10.03978016700421
    ]
  },
  "random_forest_threading_8": {
    "avg_time": 7.0796785410057055,
    "all_times": [
      7.0796785410057055
    ]
  }
}