{
  "sequential": {
    "min_time": 54.17797391701606,
    "max": 54.17797391701606,
    "avg_time": 54.17797391701606,
    "all_times": [
      54.17797391701606
    ]
  },
  "threading_2": {
    "min_time": 68.10609883297002,
    "max": 68.10609883297002,
    "avg_time": 68.10609883297002,
    "all_times": [
      68.10609883297002
    ]
  },
  "threading_4": {
    "min_time": 90.1718273749575,
    "max": 90.1718273749575,
    "avg_time": 90.1718273749575,
    "all_times": [
      90.1718273749575
    ]
  },
  "threading_8": {
    "min_time": 128.9110909170122,
    "max": 128.9110909170122,
    "avg_time": 128.9110909170122,
    "all_times": [
      128.9110909170122
    ]
  }
}