{
  "sequential": {
    "min_time": 54.50558716600062,
    "max": 54.50558716600062,
    "avg_time": 54.50558716600062,
    "all_times": [
      54.50558716600062
    ]
  },
  "threading_2": {
    "min_time": 68.8247677909967,
    "max": 68.8247677909967,
    "avg_time": 68.8247677909967,
    "all_times": [
      68.8247677909967
    ]
  },
  "threading_4": {
    "min_time": 89.94248691601388,
    "max": 89.94248691601388,
    "avg_time": 89.94248691601388,
    "all_times": [
      89.94248691601388
    ]
  },
  "threading_8": {
    "min_time": 127.56003308399522,
    "max": 127.56003308399522,
    "avg_time": 127.56003308399522,
    "all_times": [
      127.56003308399522
    ]
  }
}