{
  "sequential": {
    "min_time": 32.75171919999411,
    "max": 32.75171919999411,
    "avg_time": 32.75171919999411,
    "all_times": [
      32.75171919999411
    ]
  },
  "threading_2": {
    "min_time": 17.169063299996196,
    "max": 17.169063299996196,
    "avg_time": 17.169063299996196,
    "all_times": [
      17.169063299996196
    ]
  },
  "threading_4": {
    "min_time": 9.65875760000199,
    "max": 9.65875760000199,
    "avg_time": 9.65875760000199,
    "all_times": [
      9.65875760000199
    ]
  },
  "threading_8": {
    "min_time": 6.2693803000001935,
    "max": 6.2693803000001935,
    "avg_time": 6.2693803000001935,
    "all_times": [
      6.2693803000001935
    ]
  }
}