{
  "sequential": {
    "min_time": 31.34442912499071,
    "max": 31.34442912499071,
    "avg_time": 31.34442912499071,
    "all_times": [
      31.34442912499071
    ]
  },
  "threading_2": {
    "min_time": 40.00925425000605,
    "max": 40.00925425000605,
    "avg_time": 40.00925425000605,
    "all_times": [
      40.00925425000605
    ]
  },
  "threading_4": {
    "min_time": 55.55380224999681,
    "max": 55.55380224999681,
    "avg_time": 55.55380224999681,
    "all_times": [
      55.55380224999681
    ]
  },
  "threading_8": {
    "min_time": 50.84265649999725,
    "max": 50.84265649999725,
    "avg_time": 50.84265649999725,
    "all_times": [
      50.84265649999725
    ]
  }
}