{
  "sequential": {
    "numpy": 1.835228707990609,
    "numpy_complex": 61.90038220799761
  },
  "threaded": {
    "numpy_threaded_2": 14.38779937500658,
    "numpy_threaded_4": 3.5717336669913493,
    "numpy_threaded_8": 0.7962120830052299
  },
  "matrix": {
    "matmul": 0.01797554100630805,
    "elementwise": 0.007270250003784895,
    "reductions": 0.019116082999971695
  }
}