{
  "sequential": {
    "numpy": 2.7347313340287656,
    "numpy_complex": 107.55400799994823
  },
  "threaded": {
    "numpy_threaded_2": 24.434454000089318,
    "numpy_threaded_4": 1.6998876669676974,
    "numpy_threaded_8": 0.4121717499801889
  },
  "matrix": {
    "matmul": 0.013546625035814941,
    "elementwise": 0.004217374953441322,
    "reductions": 0.009132666978985071
  }
}