{
  "sequential": {
    "numpy": 2.7357500830257777,
    "numpy_complex": 122.76312912499998
  },
  "threaded": {
    "numpy_threaded_2": 36.302446957997745,
    "numpy_threaded_4": 5.059971584007144,
    "numpy_threaded_8": 1.9079621670243796
  },
  "matrix": {
    "matmul": 0.01423787500243634,
    "elementwise": 0.005303667014231905,
    "reductions": 0.00705174999893643
  }
}