{
  "sequential": {
    "numpy": 0.1285613749641925,
    "numpy_complex": 0.8806932920124382
  },
  "threaded": {
    "numpy_threaded_2": 0.08883879100903869,
    "numpy_threaded_4": 0.0542363750282675,
    "numpy_threaded_8": 0.05574191699270159
  },
  "matrix": {
    "matmul": 0.007958374917507172,
    "elementwise": 0.0026008329587057233,
    "reductions": 0.0004397500306367874
  }
}