{
  "sequential": {
    "python": 0.0006900419248268008,
    "numpy": 0.12347274995408952,
    "numpy_complex": 0.8331587499706075
  },
  "threaded": {
    "numpy_threaded_2": 0.06269212509505451,
    "numpy_threaded_4": 0.050881291972473264,
    "numpy_threaded_8": 0.05496362503618002
  },
  "matrix": {
    "matmul": 0.00800337502732873,
    "elementwise": 0.0031490830006077886,
    "reductions": 0.00046729203313589096
  },
  "speedup_numpy_vs_python": 0.0055886171246965575
}