{
  "sequential": {
    "numpy": 0.899579500008258,
    "numpy_complex": 6.695763399999123
  },
  "threaded": {
    "numpy_threaded_2": 0.5751973000005819,
    "numpy_threaded_4": 0.4185542999912286,
    "numpy_threaded_8": 0.3515202999988105
  },
  "matrix": {
    "matmul": 0.009460700006457046,
    "elementwise": 0.008411400005570613,
    "reductions": 0.0015380000113509595
  }
}