{
  "Data Preprocessing_multiprocessing_2": {
    "gil_mean": 2.856937292031944,
    "nogil_mean": 5.884161333087832,
    "speedup": 0.48553007477324023,
    "p_value": 0.028103868336918553,
    "significant": true
  },
  "Data Preprocessing_multiprocessing_4": {
    "gil_mean": 2.972171457950026,
    "nogil_mean": 4.12307679199148,
    "speedup": 0.7208625033914158,
    "p_value": 0.03280325414189258,
    "significant": true
  },
  "Data Preprocessing_multiprocessing_8": {
    "gil_mean": 2.8980069999815896,
    "nogil_mean": 3.768872749991715,
    "speedup": 0.7689320367709311,
    "p_value": 0.17057863598398873,
    "significant": false
  },
  "Data Preprocessing_sequential": {
    "gil_mean": 2.2414880419382825,
    "nogil_mean": 2.2385354170110077,
    "speedup": 1.0013189985312885,
    "p_value": 0.081465966904658,
    "significant": false
  },
  "Data Preprocessing_threading_2": {
    "gil_mean": 1.721398082911037,
    "nogil_mean": 1.7030360419303179,
    "speedup": 1.0107819450256064,
    "p_value": 0.154531973503186,
    "significant": false
  },
  "Data Preprocessing_threading_4": {
    "gil_mean": 1.2346442500129342,
    "nogil_mean": 1.2146205840399489,
    "speedup": 1.0164855315611272,
    "p_value": 0.13020447991645237,
    "significant": false
  },
  "Data Preprocessing_threading_8": {
    "gil_mean": 1.123607708956115,
    "nogil_mean": 1.1024301670258865,
    "speedup": 1.0192098715761388,
    "p_value": 0.22122990068836634,
    "significant": false
  },
  "Image Processing_multiprocessing_2": {
    "gil_mean": 7.525465499958955,
    "nogil_mean": 7.324365708976984,
    "speedup": 1.0274562738907884,
    "p_value": 0.7195746983106048,
    "significant": false
  },
  "Image Processing_multiprocessing_4": {
    "gil_mean": 4.131098208017647,
    "nogil_mean": 4.347136041964404,
    "speedup": 0.9503034108292749,
    "p_value": 0.17638364444811894,
    "significant": false
  },
  "Image Processing_multiprocessing_8": {
    "gil_mean": 3.4814869590336457,
    "nogil_mean": 3.398994749994017,
    "speedup": 1.0242695900132748,
    "p_value": 0.7705080651894496,
    "significant": false
  },
  "Image Processing_sequential": {
    "gil_mean": 14.235809957957827,
    "nogil_mean": 13.700873250025325,
    "speedup": 1.0390439863336094,
    "p_value": 0.5205379581048263,
    "significant": false
  },
  "Image Processing_threading_2": {
    "gil_mean": 7.337735874927603,
    "nogil_mean": 7.126251500099897,
    "speedup": 1.0296768048145284,
    "p_value": 0.6104045215850606,
    "significant": false
  },
  "Image Processing_threading_4": {
    "gil_mean": 4.278980667004362,
    "nogil_mean": 4.647739916923456,
    "speedup": 0.9206583723464474,
    "p_value": 0.3860124915430779,
    "significant": false
  },
  "Image Processing_threading_8": {
    "gil_mean": 4.318872625008225,
    "nogil_mean": 3.416328459046781,
    "speedup": 1.2641854191658348,
    "p_value": 0.11138793929573108,
    "significant": false
  },
  "ML Training_linear_reg_loky_4": {
    "gil_mean": 0.14987416693475097,
    "nogil_mean": 0.1445213749539107,
    "speedup": 1.037038064317803,
    "p_value": 0.2219483960453392,
    "significant": false
  },
  "ML Training_linear_reg_loky_8": {
    "gil_mean": 0.14592462498694658,
    "nogil_mean": 0.1461769579909742,
    "speedup": 0.9982737839978638,
    "p_value": 0.5523414134459954,
    "significant": false
  },
  "ML Training_linear_reg_threading_4": {
    "gil_mean": 0.14422774990089238,
    "nogil_mean": 0.14538362494204193,
    "speedup": 0.9920494825905576,
    "p_value": 0.7297802280782689,
    "significant": false
  },
  "ML Training_linear_reg_threading_8": {
    "gil_mean": 0.1448866669088602,
    "nogil_mean": 0.147440416039899,
    "speedup": 0.9826794497761882,
    "p_value": 0.08285906053687529,
    "significant": false
  },
  "ML Training_linear_regression_seq": {
    "gil_mean": 0.14898162498138845,
    "nogil_mean": 0.14598941698204726,
    "speedup": 1.0204960610241298,
    "p_value": 0.45582468125155806,
    "significant": false
  },
  "ML Training_random_forest_loky_8": {
    "gil_mean": 20.902255165972747,
    "nogil_mean": 20.943431208957918,
    "speedup": 0.9980339399702777,
    "p_value": 0.5614324178150084,
    "significant": false
  },
  "ML Training_random_forest_seq": {
    "gil_mean": 81.06368191691581,
    "nogil_mean": 82.83348420902621,
    "speedup": 0.9786342164764628,
    "p_value": 0.22980621168722093,
    "significant": false
  },
  "ML Training_random_forest_threading_8": {
    "gil_mean": 18.878874041023664,
    "nogil_mean": 18.94358491699677,
    "speedup": 0.9965840216486667,
    "p_value": 0.4934178582713189,
    "significant": false
  },
  "Streaming_workers_1: avg_latency": {
    "gil_mean": 24.474617228494026,
    "nogil_mean": 25.763998041511513,
    "speedup": 0.9499541642977922,
    "p_value": 0.44479606128720217,
    "significant": false
  },
  "Streaming_workers_1: throughput": {
    "gil_mean": 40867.2703200055,
    "nogil_mean": 38887.01990847963,
    "speedup": 1.0509231722098111,
    "p_value": 0.4376935484917508,
    "significant": false
  },
  "Streaming_workers_2: avg_latency": {
    "gil_mean": 24.086002375057433,
    "nogil_mean": 14.053586104011629,
    "speedup": 1.7138687731939128,
    "p_value": 0.05835608936169112,
    "significant": false
  },
  "Streaming_workers_2: throughput": {
    "gil_mean": 41521.72960005245,
    "nogil_mean": 71559.81518054733,
    "speedup": 0.5802380776877639,
    "p_value": 0.1141509183179002,
    "significant": false
  },
  "Streaming_workers_4: avg_latency": {
    "gil_mean": 23.999213791976217,
    "nogil_mean": 9.346042021003086,
    "speedup": 2.567847837410049,
    "p_value": 0.11902831409008213,
    "significant": false
  },
  "Streaming_workers_4: throughput": {
    "gil_mean": 41668.04462382457,
    "nogil_mean": 117023.84221690401,
    "speedup": 0.35606457482905696,
    "p_value": 0.27698548276721796,
    "significant": false
  },
  "Streaming_workers_8: avg_latency": {
    "gil_mean": 24.522547937522177,
    "nogil_mean": 9.244474458042532,
    "speedup": 2.6526708520664455,
    "p_value": 0.09309807133223326,
    "significant": false
  },
  "Streaming_workers_8: throughput": {
    "gil_mean": 40781.256592236576,
    "nogil_mean": 113625.85876306868,
    "speedup": 0.35890823652451487,
    "p_value": 0.23641109926407394,
    "significant": false
  },
  "SIMD Vectorization_matrix: elementwise": {
    "gil_mean": 0.0034516454907134175,
    "nogil_mean": 0.003098375047557056,
    "speedup": 1.1140179732066011,
    "p_value": 0.3753872161354136,
    "significant": false
  },
  "SIMD Vectorization_matrix: matmul": {
    "gil_mean": 0.008299583976622671,
    "nogil_mean": 0.008157875039614737,
    "speedup": 1.0173708148653655,
    "p_value": 0.5406402414072158,
    "significant": false
  },
  "SIMD Vectorization_matrix: reductions": {
    "gil_mean": 0.0004416875308379531,
    "nogil_mean": 0.0008633754914626479,
    "speedup": 0.5115821970921233,
    "p_value": 0.4800293176921832,
    "significant": false
  },
  "SIMD Vectorization_sequential: numpy": {
    "gil_mean": 0.10967699997127056,
    "nogil_mean": 0.11863541649654508,
    "speedup": 0.92448784022657,
    "p_value": 0.6557864965454857,
    "significant": false
  },
  "SIMD Vectorization_sequential: numpy_complex": {
    "gil_mean": 2.302985603979323,
    "nogil_mean": 0.896133687463589,
    "speedup": 2.5699129897657107,
    "p_value": 0.0477702220346778,
    "significant": true
  },
  "SIMD Vectorization_sequential: python": {
    "gil_mean": 0.0006213124725036323,
    "nogil_mean": 0.0006829584599472582,
    "speedup": 0.9097368419034058,
    "p_value": 0.06981063034793712,
    "significant": false
  },
  "SIMD Vectorization_speedup_numpy_vs_python": {
    "gil_mean": 0.005083752586349704,
    "nogil_mean": 0.0055886171246965575,
    "speedup": 0.9096619920309416,
    "p_value": 0.992970376237092,
    "significant": false
  },