{
  "Data Preprocessing_sequential": {
    "gil_mean": 3.291393417006475,
    "nogil_mean": 2.237078874997678,
    "speedup": 1.4712907326568407,
    "p_value": 3.367911108815711e-05,
    "significant": true
  },
  "Data Preprocessing_threading_2": {
    "gil_mean": 3.0502391250047367,
    "nogil_mean": 2.6686888330004876,
    "speedup": 1.1429729413508507,
    "p_value": 1.1174683014925181e-09,
    "significant": true
  },
  "Data Preprocessing_threading_4": {
    "gil_mean": 1.528779416999896,
    "nogil_mean": 1.1820211250014836,
    "speedup": 1.2933604862586336,
    "p_value": 1.7636831643411037e-09,
    "significant": true
  },
  "Data Preprocessing_threading_8": {
    "gil_mean": 2.4280741659895284,
    "nogil_mean": 1.0792791249987204,
    "speedup": 2.249718455355474,
    "p_value": 6.298979024632993e-09,
    "significant": true
  },
  "Image Processing_sequential": {
    "gil_mean": 13.630242541999905,
    "nogil_mean": 13.572722833996522,
    "speedup": 1.004237890120272,
    "p_value": 0.5592937272258622,
    "significant": false
  },
  "Image Processing_threading_2": {
    "gil_mean": 7.192582415998913,
    "nogil_mean": 6.967113999999128,
    "speedup": 1.0323618094952678,
    "p_value": 0.9258908027365068,
    "significant": false
  },
  "Image Processing_threading_4": {
    "gil_mean": 4.098982499999693,
    "nogil_mean": 3.8643533750000643,
    "speedup": 1.0607162705454245,
    "p_value": 0.10736179229705262,
    "significant": false
  },
  "Image Processing_threading_8": {
    "gil_mean": 4.078409791996819,
    "nogil_mean": 3.0058617500035325,
    "speedup": 1.3568188197584357,
    "p_value": 1.4619502999429033e-17,
    "significant": true
  },
  "ML Training_linear_reg_threading_2": {
    "gil_mean": 1.6929237090080278,
    "nogil_mean": 1.7061834580090363,
    "speedup": 0.9922284154504221,
    "p_value": 0.4979480200959636,
    "significant": false
  },
  "ML Training_linear_reg_threading_4": {
    "gil_mean": 1.6299605419917498,
    "nogil_mean": 1.6187647079932503,
    "speedup": 1.0069162824857842,
    "p_value": 0.38632284763046,
    "significant": false
  },
  "ML Training_linear_reg_threading_8": {
    "gil_mean": 1.6299883750034496,
    "nogil_mean": 1.5789935829961905,
    "speedup": 1.0322957563326476,
    "p_value": 0.0026215755084969374,
    "significant": true
  },
  "ML Training_linear_regression_seq": {
    "gil_mean": 2.058214750009938,
    "nogil_mean": 1.8303966249950463,
    "speedup": 1.1244638030380483,
    "p_value": 0.019218260333523713,
    "significant": true
  },
  "ML Training_random_forest_seq": {
    "gil_mean": 33.00159695799812,
    "nogil_mean": 33.20411375000549,
    "speedup": 0.993900852360279,
    "p_value": 0.02315575534189968,
    "significant": true
  },
  "ML Training_random_forest_threading_2": {
    "gil_mean": 17.105132834010874,
    "nogil_mean": 17.32642295800906,
    "speedup": 0.9872281702614274,
    "p_value": 0.014499768114148093,
    "significant": true
  },
  "ML Training_random_forest_threading_4": {
    "gil_mean": 9.675660416993196,
    "nogil_mean": 9.642505207986687,
    "speedup": 1.003438443463743,
    "p_value": 0.8226945693581861,
    "significant": false
  },
  "ML Training_random_forest_threading_8": {
    "gil_mean": 6.946245416998863,
    "nogil_mean": 6.804708833995392,
    "speedup": 1.0207998000291172,
    "p_value": 0.8736976927627621,
    "significant": false
  },
  "Streaming_workers_1: avg_latency": {
    "gil_mean": 47.10244929199689,
    "nogil_mean": 46.4807414579991,
    "speedup": 1.0133756006142798,
    "p_value": 0.011133564941011254,
    "significant": true
  },
  "Streaming_workers_1: throughput": {
    "gil_mean": 42460.636973656416,
    "nogil_mean": 43028.57349563174,
    "speedup": 0.9868009446784709,
    "p_value": 0.009589958735369821,
    "significant": true
  },
  "Streaming_workers_2: avg_latency": {
    "gil_mean": 47.36729475000175,
    "nogil_mean": 24.120731625007465,
    "speedup": 1.9637586241742817,
    "p_value": 9.50719058340088e-43,
    "significant": true
  },
  "Streaming_workers_2: throughput": {
    "gil_mean": 42223.22618408988,
    "nogil_mean": 82914.98081441243,
    "speedup": 0.5092351921132033,
    "p_value": 3.1017198225514064e-37,
    "significant": true
  },
  "Streaming_workers_4: avg_latency": {
    "gil_mean": 47.029319667009986,
    "nogil_mean": 12.751712583005428,
    "speedup": 3.6880787079287924,
    "p_value": 6.657325101717322e-39,
    "significant": true
  },
  "Streaming_workers_4: throughput": {
    "gil_mean": 42526.662391002625,
    "nogil_mean": 156820.26918551105,
    "speedup": 0.27118090417696944,
    "p_value": 1.0712338308058213e-33,
    "significant": true
  },
  "Streaming_workers_8: avg_latency": {
    "gil_mean": 47.055722916993545,
    "nogil_mean": 13.42264991698903,
    "speedup": 3.5056954631168007,
    "p_value": 3.35517644926237e-48,
    "significant": true
  },
  "Streaming_workers_8: throughput": {
    "gil_mean": 42502.800424201414,
    "nogil_mean": 146842.31593930264,
    "speedup": 0.2894451790161766,
    "p_value": 2.6674337265783993e-21,
    "significant": true
  },
  "SIMD Vectorization_matrix: elementwise": {
    "gil_mean": 0.002411374996881932,
    "nogil_mean": 0.0025203330005751923,
    "speedup": 0.9567684097028473,
    "p_value": 0.0007498310057326892,
    "significant": true
  },
  "SIMD Vectorization_matrix: matmul": {
    "gil_mean": 0.008173124995664693,
    "nogil_mean": 0.008017708008992486,
    "speedup": 1.0193842163493476,
    "p_value": 0.19413976136976807,
    "significant": false
  },
  "SIMD Vectorization_matrix: reductions": {
    "gil_mean": 0.00048133400559891015,
    "nogil_mean": 0.0028296670061536133,
    "speedup": 0.17010270273928482,
    "p_value": 4.157452482033899e-05,
    "significant": true
  },
  "SIMD Vectorization_sequential: numpy": {
    "gil_mean": 1.223696333996486,
    "nogil_mean": 1.2385027909913333,
    "speedup": 0.9880448739376713,
    "p_value": 0.014276727965874385,
    "significant": true
  },
  "SIMD Vectorization_sequential: numpy_complex": {
    "gil_mean": 51.61192433300312,
    "nogil_mean": 61.90038220799761,
    "speedup": 0.8337900751497265,
    "p_value": 0.3286700615150032,
    "significant": false
  },
  "SIMD Vectorization_threaded: numpy_threaded_2": {
    "gil_mean": 0.29670491701108404,
    "nogil_mean": 10.117574000003515,
    "speedup": 0.029325697742460886,
    "p_value": 7.911233700666635e-09,
    "significant": true
  },
  "SIMD Vectorization_threaded: numpy_threaded_4": {
    "gil_mean": 0.24331608299689833,
    "nogil_mean": 0.3313168749882607,
    "speedup": 0.7343908546931682,
    "p_value": 0.09158793288963725,
    "significant": false
  },
  "SIMD Vectorization_threaded: numpy_threaded_8": {
    "gil_mean": 0.25354287499794737,
    "nogil_mean": 0.2602745829935884,
    "speedup": 0.9741361299354887,
    "p_value": 0.23306490240934458,
    "significant": false
  },
  "Mandelbrot_sequential": {
    "gil_mean": 24.77815054199891,
    "nogil_mean": 19.92699837499822,
    "speedup": 1.243446206784825,
    "p_value": 1.4189189698483659e-42,
    "significant": true
  },
  "Mandelbrot_threading_2": {
    "gil_mean": 24.85497108398704,
    "nogil_mean": 10.213534541995614,
    "speedup": 2.4335327776872284,
    "p_value": 3.98845189228714e-37,
    "significant": true
  },
  "Mandelbrot_threading_4": {
    "gil_mean": 24.869842374988366,
    "nogil_mean": 8.201060542007326,
    "speedup": 3.032515398173261,
    "p_value": 1.4239840310195594e-35,
    "significant": true
  },
  "Mandelbrot_threading_8": {
    "gil_mean": 24.92324550000194,
    "nogil_mean": 6.358568124996964,
    "speedup": 3.9196317488560117,
    "p_value": 4.3256679393974875e-55,
    "significant": true
  },
  "Monte Carlo_sequential": {
    "gil_mean": 27.84496816599858,
    "nogil_mean": 30.998215582992998,
    "speedup": 0.8982764859947477,
    "p_value": 1.1260626879255209e-30,
    "significant": true
  },