{
  "Data Preprocessing_sequential": {
    "gil_mean": 2.1922641659912188,
    "nogil_mean": 2.188376458012499,
    "speedup": 1.0017765261385834,
    "p_value": 0.07140918941435546,
    "significant": false
  },
  "Data Preprocessing_threading_2": {
    "gil_mean": 2.056342500000028,
    "nogil_mean": 2.4094372499966994,
    "speedup": 0.8534534360680466,
    "p_value": 0.039919965752498676,
    "significant": true
  },
  "Data Preprocessing_threading_4": {
    "gil_mean": 1.173908291006228,
    "nogil_mean": 1.1468270419863984,
    "speedup": 1.0236140656161392,
    "p_value": 0.04152615609040569,
    "significant": true
  },
  "Data Preprocessing_threading_8": {
    "gil_mean": 1.064127458987059,
    "nogil_mean": 1.0599814589950256,
    "speedup": 1.0039113891633202,
    "p_value": 0.14685565199558034,
    "significant": false
  },
  "Image Processing_sequential": {
    "gil_mean": 13.427544000005582,
    "nogil_mean": 13.458458250010153,
    "speedup": 0.9977029872641952,
    "p_value": 0.1597507575203937,
    "significant": false
  },
  "Image Processing_threading_2": {
    "gil_mean": 7.1835416670073755,
    "nogil_mean": 7.1237810000020545,
    "speedup": 1.008388897273134,
    "p_value": 0.12365527744490952,
    "significant": false
  },
  "Image Processing_threading_4": {
    "gil_mean": 4.100874124997063,
    "nogil_mean": 4.044150083005661,
    "speedup": 1.0140261960676897,
    "p_value": 0.6593060575235468,
    "significant": false
  },
  "Image Processing_threading_8": {
    "gil_mean": 4.119828542025061,
    "nogil_mean": 3.146194708009716,
    "speedup": 1.3094639475225824,
    "p_value": 2.2415551407760788e-17,
    "significant": true
  },
  "ML Training_linear_reg_threading_2": {
    "gil_mean": 1.6836638329841662,
    "nogil_mean": 1.6968171250191517,
    "speedup": 0.9922482559605019,
    "p_value": 0.26651241251704455,
    "significant": false
  },
  "ML Training_linear_reg_threading_4": {
    "gil_mean": 1.6240158330183476,
    "nogil_mean": 1.6069511249952484,
    "speedup": 1.010619307431114,
    "p_value": 0.20338797300720632,
    "significant": false
  },
  "ML Training_linear_reg_threading_8": {
    "gil_mean": 1.6223807079950348,
    "nogil_mean": 1.5999527079984546,
    "speedup": 1.014017914332379,
    "p_value": 0.601602917575229,
    "significant": false
  },
  "ML Training_linear_regression_seq": {
    "gil_mean": 1.7280410829989705,
    "nogil_mean": 2.0394340829807334,
    "speedup": 0.8473140158927586,
    "p_value": 0.7009718316879555,
    "significant": false
  },
  "ML Training_random_forest_seq": {
    "gil_mean": 32.81611279200297,
    "nogil_mean": 33.05005341701326,
    "speedup": 0.9929216264174064,
    "p_value": 0.9078866501528441,
    "significant": false
  },
  "ML Training_random_forest_threading_2": {
    "gil_mean": 17.138256875012303,
    "nogil_mean": 17.257037458010018,
    "speedup": 0.9931169771586384,
    "p_value": 0.8183795057682901,
    "significant": false
  },
  "ML Training_random_forest_threading_4": {
    "gil_mean": 9.654358416999457,
    "nogil_mean": 9.615033707988914,
    "speedup": 1.00408991899611,
    "p_value": 0.24419493660606056,
    "significant": false
  },
  "ML Training_random_forest_threading_8": {
    "gil_mean": 6.766492832975928,
    "nogil_mean": 7.064907749998383,
    "speedup": 0.9577609605698639,
    "p_value": 0.3014666592051143,
    "significant": false
  },
  "Streaming_workers_1: avg_latency": {
    "gil_mean": 47.070666499988874,
    "nogil_mean": 46.55604687501909,
    "speedup": 1.0110537655044316,
    "p_value": 0.0212117683462541,
    "significant": true
  },
  "Streaming_workers_1: throughput": {
    "gil_mean": 42489.3070073266,
    "nogil_mean": 42958.9738434213,
    "speedup": 0.9890670843813317,
    "p_value": 0.01963807469984101,
    "significant": true
  },
  "Streaming_workers_2: avg_latency": {
    "gil_mean": 47.354375875002006,
    "nogil_mean": 24.248761124996236,
    "speedup": 1.9528575349025943,
    "p_value": 1.9100218129347353e-48,
    "significant": true
  },
  "Streaming_workers_2: throughput": {
    "gil_mean": 42234.745216303214,
    "nogil_mean": 82476.29598923826,
    "speedup": 0.5120834381531164,
    "p_value": 1.1165869773841524e-30,
    "significant": true
  },
  "Streaming_workers_4: avg_latency": {
    "gil_mean": 47.424514917016495,
    "nogil_mean": 12.942529749998357,
    "speedup": 3.6642384319821644,
    "p_value": 1.0373123741019855e-48,
    "significant": true
  },
  "Streaming_workers_4: throughput": {
    "gil_mean": 42172.28164499799,
    "nogil_mean": 154481.93193033006,
    "speedup": 0.27299167687789727,
    "p_value": 1.1790277965698507e-31,
    "significant": true
  },
  "Streaming_workers_8: avg_latency": {
    "gil_mean": 47.92875683301827,
    "nogil_mean": 13.547974624991184,
    "speedup": 3.5377064217854968,
    "p_value": 1.0963778311834559e-35,
    "significant": true
  },
  "Streaming_workers_8: throughput": {
    "gil_mean": 41728.6016185687,
    "nogil_mean": 145598.95884479373,
    "speedup": 0.2865995880028974,
    "p_value": 6.045011337782561e-29,
    "significant": true
  },
  "SIMD Vectorization_matrix: elementwise": {
    "gil_mean": 0.002564042020821944,
    "nogil_mean": 0.003892875014571473,
    "speedup": 0.6586499723788829,
    "p_value": 0.4773343269809453,
    "significant": false
  },
  "SIMD Vectorization_matrix: matmul": {
    "gil_mean": 0.008613374986452982,
    "nogil_mean": 0.008601707988418639,
    "speedup": 1.0013563583011713,
    "p_value": 0.3295772179877299,
    "significant": false
  },
  "SIMD Vectorization_matrix: reductions": {
    "gil_mean": 0.0005040410032961518,
    "nogil_mean": 0.005076917004771531,
    "speedup": 0.0992809224224918,
    "p_value": 0.07147857795586121,
    "significant": false
  },
  "SIMD Vectorization_sequential: numpy": {
    "gil_mean": 2.0100594999967143,
    "nogil_mean": 1.5708660410018638,
    "speedup": 1.2795868314237302,
    "p_value": 0.5335094532114104,
    "significant": false
  },
  "SIMD Vectorization_sequential: numpy_complex": {
    "gil_mean": 77.60619216700434,
    "nogil_mean": 87.35995020801784,
    "speedup": 0.8883497756375975,
    "p_value": 0.8040180953813731,
    "significant": false
  },
  "SIMD Vectorization_threaded: numpy_threaded_2": {
    "gil_mean": 0.4925117500242777,
    "nogil_mean": 12.531488084001467,
    "speedup": 0.03930193658748725,
    "p_value": 1.6786328677391065e-12,
    "significant": true
  },
  "SIMD Vectorization_threaded: numpy_threaded_4": {
    "gil_mean": 0.2532148330064956,
    "nogil_mean": 0.6584088329982478,
    "speedup": 0.38458602059363545,
    "p_value": 0.0003397379798218539,
    "significant": true
  },
  "SIMD Vectorization_threaded: numpy_threaded_8": {
    "gil_mean": 0.25520833299378864,
    "nogil_mean": 0.27747329202247784,
    "speedup": 0.9197581905400628,
    "p_value": 0.441197166906187,
    "significant": false
  },
  "Mandelbrot_sequential": {
    "gil_mean": 24.860944375017425,
    "nogil_mean": 34.46967141699861,
    "speedup": 0.7212411187290091,
    "p_value": 1.2255562383728737e-28,
    "significant": true
  },
  "Mandelbrot_threading_2": {
    "gil_mean": 24.883393042022362,
    "nogil_mean": 17.256291750003584,
    "speedup": 1.4419895886390073,
    "p_value": 1.5782981607217295e-11,
    "significant": true
  },
  "Mandelbrot_threading_4": {
    "gil_mean": 24.873534917016514,
    "nogil_mean": 13.681889667001087,
    "speedup": 1.8179897311267024,
    "p_value": 3.2607155415625394e-11,
    "significant": true
  },
  "Mandelbrot_threading_8": {
    "gil_mean": 24.922667208011262,
    "nogil_mean": 11.63457345799543,
    "speedup": 2.1421212645216556,
    "p_value": 4.751711712387583e-12,
    "significant": true
  },
  "Monte Carlo_sequential": {
    "gil_mean": 48.154246124991914,
    "nogil_mean": 53.49348745800671,
    "speedup": 0.9001889466038985,
    "p_value": 2.615644211917586e-10,
    "significant": true
  },