{
  "Data Preprocessing_sequential": {
    "gil_mean": 3.3409173330292106,
    "nogil_mean": 3.3087937079835683,
    "speedup": 1.0097085608474572,
    "p_value": 0.3416301892443498,
    "significant": false
  },
  "Data Preprocessing_threading_4": {
    "gil_mean": 1.426273791003041,
    "nogil_mean": 1.394914459087886,
    "speedup": 1.022481186362969,
    "p_value": 0.10052250957648665,
    "significant": false
  },
  "Data Preprocessing_threading_8": {
    "gil_mean": 2.4863732090452686,
    "nogil_mean": 2.318029083078727,
    "speedup": 1.0726238196040891,
    "p_value": 0.8222458718546911,
    "significant": false
  },
  "Image Processing_sequential": {
    "gil_mean": 22.779695000033826,
    "nogil_mean": 23.79252820799593,
    "speedup": 0.9574306185913558,
    "p_value": 0.04717132990016235,
    "significant": true
  },
  "Image Processing_threading_4": {
    "gil_mean": 6.53075924993027,
    "nogil_mean": 6.793024832964875,
    "speedup": 0.9613919292975502,
    "p_value": 0.5707303277818151,
    "significant": false
  },
  "Image Processing_threading_8": {
    "gil_mean": 9.245742750004865,
    "nogil_mean": 8.318532917066477,
    "speedup": 1.1114631440642742,
    "p_value": 4.875861055479807e-10,
    "significant": true
  },
  "ML Training_linear_reg_threading_4": {
    "gil_mean": 0.11186058400198817,
    "nogil_mean": 0.11258545890450478,
    "speedup": 0.9935615583968846,
    "p_value": 0.7001922658995497,
    "significant": false
  },
  "ML Training_linear_reg_threading_8": {
    "gil_mean": 0.11211212503258139,
    "nogil_mean": 0.11246850003954023,
    "speedup": 0.9968313349352614,
    "p_value": 0.1317234027015787,
    "significant": false
  },
  "ML Training_linear_regression_seq": {
    "gil_mean": 0.14253275003284216,
    "nogil_mean": 0.14261345809791237,
    "speedup": 0.9994340781988835,
    "p_value": 0.40210816651699516,
    "significant": false
  },
  "ML Training_random_forest_seq": {
    "gil_mean": 79.57076070795301,
    "nogil_mean": 80.88230737508275,
    "speedup": 0.983784504798465,
    "p_value": 0.12277616081184768,
    "significant": false
  },
  "ML Training_random_forest_threading_4": {
    "gil_mean": 25.176076084026136,
    "nogil_mean": 25.481889083981514,
    "speedup": 0.9879988097056894,
    "p_value": 0.11713484646138402,
    "significant": false
  },
  "ML Training_random_forest_threading_8": {
    "gil_mean": 17.959479750017636,
    "nogil_mean": 18.493602665956132,
    "speedup": 0.9711185037558023,
    "p_value": 0.09838270163113591,
    "significant": false
  },
  "Streaming_workers_1: avg_latency": {
    "gil_mean": 23.991566362552113,
    "nogil_mean": 23.55582031235099,
    "speedup": 1.0184984451580594,
    "p_value": 0.009188252270804834,
    "significant": true
  },
  "Streaming_workers_1: throughput": {
    "gil_mean": 41689.956586549604,
    "nogil_mean": 42477.46077693582,
    "speedup": 0.9814606575821074,
    "p_value": 0.006243141997732285,
    "significant": true
  },
  "Streaming_workers_2: avg_latency": {
    "gil_mean": 24.25615900628618,
    "nogil_mean": 12.274712208338315,
    "speedup": 1.9761081640520066,
    "p_value": 3.3239923132355475e-43,
    "significant": true
  },
  "Streaming_workers_2: throughput": {
    "gil_mean": 41236.124392254205,
    "nogil_mean": 81486.11862352608,
    "speedup": 0.5060509089010506,
    "p_value": 3.1342118281014465e-36,
    "significant": true
  },
  "Streaming_workers_4: avg_latency": {
    "gil_mean": 24.263816052046604,
    "nogil_mean": 6.557041787332855,
    "speedup": 3.7004211409664,
    "p_value": 7.694436408619804e-54,
    "significant": true
  },
  "Streaming_workers_4: throughput": {
    "gil_mean": 41223.773969475915,
    "nogil_mean": 152811.44577674608,
    "speedup": 0.26976888910339136,
    "p_value": 1.772270714250246e-24,
    "significant": true
  },
  "Streaming_workers_8: avg_latency": {
    "gil_mean": 24.181206995929823,
    "nogil_mean": 6.908257285412401,
    "speedup": 3.5003338753742264,
    "p_value": 4.0279958731979434e-50,
    "significant": true
  },
  "Streaming_workers_8: throughput": {
    "gil_mean": 41365.257978044996,
    "nogil_mean": 142980.05956509087,
    "speedup": 0.28930788044058475,
    "p_value": 1.7137120293095435e-26,
    "significant": true
  },
  "SIMD Vectorization_matrix: elementwise": {
    "gil_mean": 0.0026873436814639716,
    "nogil_mean": 0.0026231250609271227,
    "speedup": 1.0244817227715979,
    "p_value": 0.6691972127050894,
    "significant": false
  },
  "SIMD Vectorization_matrix: matmul": {
    "gil_mean": 0.008285518735647202,
    "nogil_mean": 0.008080906327813863,
    "speedup": 1.0253204776213132,
    "p_value": 0.42209266676209073,
    "significant": false
  },
  "SIMD Vectorization_matrix: reductions": {
    "gil_mean": 0.00044260628055781126,
    "nogil_mean": 0.0004478874441701919,
    "speedup": 0.9882087259173672,
    "p_value": 0.18511284908596592,
    "significant": false
  },
  "SIMD Vectorization_sequential: numpy": {
    "gil_mean": 0.12407236458384432,
    "nogil_mean": 0.1280008832924068,
    "speedup": 0.9693086593817628,
    "p_value": 0.18381544555298285,
    "significant": false
  },
  "SIMD Vectorization_sequential: numpy_complex": {
    "gil_mean": 0.9336241499520839,
    "nogil_mean": 0.8217540208017453,
    "speedup": 1.13613578554954,
    "p_value": 0.07860530430064709,
    "significant": false
  },
  "SIMD Vectorization_threaded: numpy_threaded_2": {
    "gil_mean": 0.06008190215216018,
    "nogil_mean": 0.06481327696237713,
    "speedup": 0.9269999137219459,
    "p_value": 0.04261087644069302,
    "significant": true
  },
  "SIMD Vectorization_threaded: numpy_threaded_4": {
    "gil_mean": 0.0499731499934569,
    "nogil_mean": 0.05140093963127583,
    "speedup": 0.9722224992760606,
    "p_value": 0.1898194612416131,
    "significant": false
  },
  "SIMD Vectorization_threaded: numpy_threaded_8": {
    "gil_mean": 0.05435201454674825,
    "nogil_mean": 0.054871462559094655,
    "speedup": 0.990533366742558,
    "p_value": 0.6745131555335077,
    "significant": false
  }
}