{
  "Data Preprocessing_sequential": {
    "gil_mean": 3.5717187999980524,
    "nogil_mean": 3.600295099997311,
    "speedup": 0.9920627895198703,
    "p_value": 0.23078842987301498,
    "significant": false
  },
  "Data Preprocessing_threading_2": {
    "gil_mean": 2.4078750999979093,
    "nogil_mean": 2.3569791999980225,
    "speedup": 1.0215936992570531,
    "p_value": 0.0015079941515305463,
    "significant": true
  },
  "Data Preprocessing_threading_4": {
    "gil_mean": 1.581481499997608,
    "nogil_mean": 1.4699752000014996,
    "speedup": 1.0758559055935055,
    "p_value": 1.9108937882411603e-15,
    "significant": true
  },
  "Data Preprocessing_threading_8": {
    "gil_mean": 1.1543051000044215,
    "nogil_mean": 1.0910693999976502,
    "speedup": 1.0579575414789448,
    "p_value": 0.001075939148622483,
    "significant": true
  },
  "Image Processing_sequential": {
    "gil_mean": 19.913845499999297,
    "nogil_mean": 20.84369069999957,
    "speedup": 0.9553896086166597,
    "p_value": 9.367774791040504e-12,
    "significant": true
  },
  "Image Processing_threading_2": {
    "gil_mean": 10.867044699996768,
    "nogil_mean": 11.873085699997318,
    "speedup": 0.9152670985941946,
    "p_value": 2.6318223882862396e-11,
    "significant": true
  },
  "Image Processing_threading_4": {
    "gil_mean": 6.418711400001484,
    "nogil_mean": 7.317407999995339,
    "speedup": 0.8771837514056307,
    "p_value": 3.6495905344071033e-19,
    "significant": true
  },
  "Image Processing_threading_8": {
    "gil_mean": 5.134545400003844,
    "nogil_mean": 7.221481600005063,
    "speedup": 0.7110099678160565,
    "p_value": 1.0418423120052612e-27,
    "significant": true
  },
  "ML Training_linear_reg_threading_2": {
    "gil_mean": 2.1143202999955975,
    "nogil_mean": 2.103224099999352,
    "speedup": 1.0052758048922361,
    "p_value": 0.5389927697959005,
    "significant": false
  },
  "ML Training_linear_reg_threading_4": {
    "gil_mean": 2.094408000004478,
    "nogil_mean": 2.10059110000293,
    "speedup": 0.9970564951939273,
    "p_value": 0.6347591143204769,
    "significant": false
  },
  "ML Training_linear_reg_threading_8": {
    "gil_mean": 2.0939003999956185,
    "nogil_mean": 2.103795999995782,
    "speedup": 0.9952963119997456,
    "p_value": 0.8570654789813231,
    "significant": false
  },
  "ML Training_linear_regression_seq": {
    "gil_mean": 2.113006600004155,
    "nogil_mean": 2.100996100001794,
    "speedup": 1.0057165741537317,
    "p_value": 0.7852671510461982,
    "significant": false
  },
  "ML Training_random_forest_seq": {
    "gil_mean": 37.92254749999847,
    "nogil_mean": 39.31273119999969,
    "speedup": 0.9646378245019713,
    "p_value": 3.0440625658518815e-05,
    "significant": true
  },
  "ML Training_random_forest_threading_2": {
    "gil_mean": 19.91363989999809,
    "nogil_mean": 20.640377899995656,
    "speedup": 0.9647904702366075,
    "p_value": 0.013464174208719695,
    "significant": true
  },
  "ML Training_random_forest_threading_4": {
    "gil_mean": 11.665947900000901,
    "nogil_mean": 11.793725599993195,
    "speedup": 0.9891656204047712,
    "p_value": 0.25020075930835045,
    "significant": false
  },
  "ML Training_random_forest_threading_8": {
    "gil_mean": 6.939977900001395,
    "nogil_mean": 6.884383099997649,
    "speedup": 1.0080754948114037,
    "p_value": 0.2101594384579557,
    "significant": false
  },
  "Streaming_workers_1: avg_latency": {
    "gil_mean": 51.7992751999991,
    "nogil_mean": 59.89120070000354,
    "speedup": 0.8648895763413212,
    "p_value": 1.8903168694154836e-23,
    "significant": true
  },
  "Streaming_workers_1: throughput": {
    "gil_mean": 38610.57885924674,
    "nogil_mean": 33393.88719195419,
    "speedup": 1.1562169638205355,
    "p_value": 9.627809012114402e-28,
    "significant": true
  },
  "Streaming_workers_2: avg_latency": {
    "gil_mean": 51.60994070000015,
    "nogil_mean": 32.63220079999883,
    "speedup": 1.5815648174119474,
    "p_value": 9.448376416264714e-56,
    "significant": true
  },
  "Streaming_workers_2: throughput": {
    "gil_mean": 38752.2243357517,
    "nogil_mean": 61210.8577101812,
    "speedup": 0.6330939605393905,
    "p_value": 8.593703060907384e-36,
    "significant": true
  },
  "Streaming_workers_4: avg_latency": {
    "gil_mean": 51.34565209998982,
    "nogil_mean": 16.82295950000116,
    "speedup": 3.052117678817825,
    "p_value": 1.8896769256273165e-38,
    "significant": true
  },
  "Streaming_workers_4: throughput": {
    "gil_mean": 38951.69149018257,
    "nogil_mean": 118643.51215261611,
    "speedup": 0.3283086515516953,
    "p_value": 1.167310184398024e-52,
    "significant": true
  },
  "Streaming_workers_8: avg_latency": {
    "gil_mean": 51.61894870000833,
    "nogil_mean": 11.079286599997431,
    "speedup": 4.659049861569634,
    "p_value": 1.8022028884021496e-40,
    "significant": true
  },
  "Streaming_workers_8: throughput": {
    "gil_mean": 38745.46170214683,
    "nogil_mean": 178286.2986703649,
    "speedup": 0.217321588877582,
    "p_value": 4.2315668916166953e-41,
    "significant": true
  },
  "SIMD Vectorization_matrix: elementwise": {
    "gil_mean": 0.0067017999972449616,
    "nogil_mean": 0.0064467000047443435,
    "speedup": 1.0395706318446463,
    "p_value": 0.5747288373911488,
    "significant": false
  },
  "SIMD Vectorization_matrix: matmul": {
    "gil_mean": 0.009210599993821234,
    "nogil_mean": 0.008804900004179217,
    "speedup": 1.0460766152312295,
    "p_value": 0.320194012869228,
    "significant": false
  },
  "SIMD Vectorization_matrix: reductions": {
    "gil_mean": 0.0010547999991104007,
    "nogil_mean": 0.0010869999969145283,
    "speedup": 0.9703771868486403,
    "p_value": 0.6944513835006811,
    "significant": false
  },
  "SIMD Vectorization_sequential: numpy": {
    "gil_mean": 0.8626310999970883,
    "nogil_mean": 0.8533727000030922,
    "speedup": 1.0108491869894158,
    "p_value": 0.09931095062860842,
    "significant": false
  },
  "SIMD Vectorization_sequential: numpy_complex": {
    "gil_mean": 6.597018700005719,
    "nogil_mean": 6.653254900011234,
    "speedup": 0.9915475656876728,
    "p_value": 0.4922557472029624,
    "significant": false
  },
  "SIMD Vectorization_threaded: numpy_threaded_2": {
    "gil_mean": 0.5898829999932786,
    "nogil_mean": 0.5674145000084536,
    "speedup": 1.0395980363288042,
    "p_value": 8.938688648896132e-06,
    "significant": true
  },
  "SIMD Vectorization_threaded: numpy_threaded_4": {
    "gil_mean": 0.4006285000068601,
    "nogil_mean": 0.41183949999685865,
    "speedup": 0.9727782303783779,
    "p_value": 0.25683303132002416,
    "significant": false
  },
  "SIMD Vectorization_threaded: numpy_threaded_8": {
    "gil_mean": 0.3216162000026088,
    "nogil_mean": 0.3265218000015011,
    "speedup": 0.9849761945485118,
    "p_value": 0.8907465834195922,
    "significant": false
  },
  "Mandelbrot_sequential": {
    "gil_mean": 33.170825099994545,
    "nogil_mean": 33.55680760000541,
    "speedup": 0.9884976394473589,
    "p_value": 0.014096473070000299,
    "significant": true
  },
  "Mandelbrot_threading_2": {
    "gil_mean": 33.25356870000542,
    "nogil_mean": 17.609753199998522,
    "speedup": 1.88836086016289,
    "p_value": 2.717969805920786e-48,
    "significant": true
  },
  "Mandelbrot_threading_4": {
    "gil_mean": 33.22912249999354,
    "nogil_mean": 14.380120600006194,
    "speedup": 2.3107679987036565,
    "p_value": 7.834005930677625e-43,
    "significant": true
  },
  "Mandelbrot_threading_8": {
    "gil_mean": 33.16790149999724,
    "nogil_mean": 9.364970000009635,
    "speedup": 3.541698638646266,
    "p_value": 2.3976062490981035e-33,
    "significant": true
  },
  "Monte Carlo_sequential": {
    "gil_mean": 26.87645720000728,
    "nogil_mean": 31.603266100006294,
    "speedup": 0.8504328987693436,
    "p_value": 0.9562632159072462,
    "significant": false
  },