{
  "Data Preprocessing_sequential": {
    "gil_mean": 2.206614291993901,
    "nogil_mean": 2.2017318330472335,
    "speedup": 1.0022175538698144,
    "p_value": 0.764737065281591,
    "significant": false
  },
  "Data Preprocessing_threading_2": {
    "gil_mean": 1.8530477079330012,
    "nogil_mean": 1.8839775829110295,
    "speedup": 0.9835826735633251,
    "p_value": 0.6964516257770902,
    "significant": false
  },
  "Data Preprocessing_threading_4": {
    "gil_mean": 1.1722874999977648,
    "nogil_mean": 1.1490058329654858,
    "speedup": 1.020262444597162,
    "p_value": 0.2148561453789446,
    "significant": false
  },
  "Data Preprocessing_threading_8": {
    "gil_mean": 1.0963118749205023,
    "nogil_mean": 1.0720689590089023,
    "speedup": 1.0226132057158075,
    "p_value": 0.3114068407829401,
    "significant": false
  },
  "Image Processing_sequential": {
    "gil_mean": 13.837610665941611,
    "nogil_mean": 13.553807583986782,
    "speedup": 1.0209389929874857,
    "p_value": 0.3726789591283985,
    "significant": false
  },
  "Image Processing_threading_2": {
    "gil_mean": 7.186815665918402,
    "nogil_mean": 7.192486249958165,
    "speedup": 0.9992115961236915,
    "p_value": 0.726326057157054,
    "significant": false
  },
  "Image Processing_threading_4": {
    "gil_mean": 4.045324708102271,
    "nogil_mean": 4.204341709031723,
    "speedup": 0.9621779075216808,
    "p_value": 0.7279524699265769,
    "significant": false
  },
  "Image Processing_threading_8": {
    "gil_mean": 4.1632239170139655,
    "nogil_mean": 3.1778442920185626,
    "speedup": 1.3100780071164189,
    "p_value": 6.803626965984861e-17,
    "significant": true
  },
  "ML Training_linear_reg_threading_2": {
    "gil_mean": 1.6234899589326233,
    "nogil_mean": 1.6348294579656795,
    "speedup": 0.9930638030910168,
    "p_value": 0.6093591383393605,
    "significant": false
  },
  "ML Training_linear_reg_threading_4": {
    "gil_mean": 1.6089075410272926,
    "nogil_mean": 1.6145195410354063,
    "speedup": 0.9965240433048493,
    "p_value": 0.009039063134221793,
    "significant": true
  },
  "ML Training_linear_reg_threading_8": {
    "gil_mean": 1.6383769999956712,
    "nogil_mean": 1.6025265000062063,
    "speedup": 1.0223712369120423,
    "p_value": 0.37671336271709877,
    "significant": false
  },
  "ML Training_linear_regression_seq": {
    "gil_mean": 1.9122367500094697,
    "nogil_mean": 2.103294291999191,
    "speedup": 0.9091627154999217,
    "p_value": 0.10460102193242377,
    "significant": false
  },
  "ML Training_random_forest_seq": {
    "gil_mean": 32.93147691700142,
    "nogil_mean": 33.76041270792484,
    "speedup": 0.9754465148843148,
    "p_value": 1.8770669550805262e-06,
    "significant": true
  },
  "ML Training_random_forest_threading_2": {
    "gil_mean": 17.196425167028792,
    "nogil_mean": 17.302636499982327,
    "speedup": 0.9938615520846408,
    "p_value": 0.49163125552631765,
    "significant": false
  },
  "ML Training_random_forest_threading_4": {
    "gil_mean": 9.518328416044824,
    "nogil_mean": 9.68959033396095,
    "speedup": 0.9823251642212496,
    "p_value": 0.06639312916967671,
    "significant": false
  },
  "ML Training_random_forest_threading_8": {
    "gil_mean": 6.661679249955341,
    "nogil_mean": 6.950154207996093,
    "speedup": 0.9584937327420932,
    "p_value": 0.5146214397622341,
    "significant": false
  },
  "Streaming_workers_1: avg_latency": {
    "gil_mean": 23.528233207995072,
    "nogil_mean": 23.118652749923058,
    "speedup": 1.0177164501107607,
    "p_value": 0.007994917587143322,
    "significant": true
  },
  "Streaming_workers_2: avg_latency": {
    "gil_mean": 23.339619874954224,
    "nogil_mean": 12.039837750024162,
    "speedup": 1.938532757628514,
    "p_value": 4.725550567227816e-38,
    "significant": true
  },
  "Streaming_workers_4: avg_latency": {
    "gil_mean": 23.546176917036064,
    "nogil_mean": 6.301733833970502,
    "speedup": 3.736460081843927,
    "p_value": 2.165956485188063e-49,
    "significant": true
  },
  "Streaming_workers_8: avg_latency": {
    "gil_mean": 23.413266916992143,
    "nogil_mean": 6.553167666075751,
    "speedup": 3.5728167063689313,
    "p_value": 3.4017077645203096e-46,
    "significant": true
  },
  "SIMD Vectorization_matrix: elementwise": {
    "gil_mean": 0.0027230000123381615,
    "nogil_mean": 0.004217374953441322,
    "speedup": 0.645662299985025,
    "p_value": 0.3554894665921357,
    "significant": false
  },
  "SIMD Vectorization_matrix: matmul": {
    "gil_mean": 0.012846375000663102,
    "nogil_mean": 0.012992292060516775,
    "speedup": 0.9887689516850448,
    "p_value": 0.08329900451670243,
    "significant": false
  },
  "SIMD Vectorization_matrix: reductions": {
    "gil_mean": 0.0021011659409850836,
    "nogil_mean": 0.006689875037409365,
    "speedup": 0.3140814931871663,
    "p_value": 0.012364966124368819,
    "significant": true
  },
  "SIMD Vectorization_sequential: numpy": {
    "gil_mean": 1.4054444170324132,
    "nogil_mean": 1.5956066250801086,
    "speedup": 0.8808213722237784,
    "p_value": 0.11703357253292224,
    "significant": false
  },
  "SIMD Vectorization_sequential: numpy_complex": {
    "gil_mean": 105.1384520829888,
    "nogil_mean": 107.55400799994823,
    "speedup": 0.9775409958040747,
    "p_value": 0.020702084151863826,
    "significant": true
  },
  "SIMD Vectorization_threaded: numpy_threaded_2": {
    "gil_mean": 0.7002631250070408,
    "nogil_mean": 12.602631667046808,
    "speedup": 0.055564833084670674,
    "p_value": 1.2279018992386692e-12,
    "significant": true
  },
  "SIMD Vectorization_threaded: numpy_threaded_4": {
    "gil_mean": 0.26520570809952915,
    "nogil_mean": 0.6391538330353796,
    "speedup": 0.4149325160737149,
    "p_value": 0.4073088905923782,
    "significant": false
  },
  "SIMD Vectorization_threaded: numpy_threaded_8": {
    "gil_mean": 0.2564777081133798,
    "nogil_mean": 0.28079579200129956,
    "speedup": 0.913395839322951,
    "p_value": 0.9051029266346132,
    "significant": false
  }
}