{
  "Data Preprocessing_multiprocessing_2": {
    "gil_mean": 8.02047475008294,
    "nogil_mean": 10.738557624979876,
    "speedup": 0.7468856647400978,
    "p_value": 0.03476119351181638,
    "significant": true
  },
  "Data Preprocessing_multiprocessing_4": {
    "gil_mean": 6.1114964169682935,
    "nogil_mean": 8.513421208946966,
    "speedup": 0.7178660924876559,
    "p_value": 0.026942314577763558,
    "significant": true
  },
  "Data Preprocessing_multiprocessing_8": {
    "gil_mean": 6.601755207986571,
    "nogil_mean": 10.553496666951105,
    "speedup": 0.6255514561974853,
    "p_value": 0.04063781646675909,
    "significant": true
  },
  "Data Preprocessing_sequential": {
    "gil_mean": 6.787335749948397,
    "nogil_mean": 6.7156219580210745,
    "speedup": 1.0106786523088407,
    "p_value": 0.4145781900055256,
    "significant": false
  },
  "Data Preprocessing_threading_2": {
    "gil_mean": 6.334828541963361,
    "nogil_mean": 4.112031000084244,
    "speedup": 1.540559529301598,
    "p_value": 0.08713693273604967,
    "significant": false
  },
  "Data Preprocessing_threading_4": {
    "gil_mean": 3.3763067920226604,
    "nogil_mean": 4.028357167029753,
    "speedup": 0.8381349150607039,
    "p_value": 0.8576534086839651,
    "significant": false
  },
  "Data Preprocessing_threading_8": {
    "gil_mean": 3.53053541702684,
    "nogil_mean": 2.7916247909888625,
    "speedup": 1.264688373746759,
    "p_value": 0.15473281721085244,
    "significant": false
  },
  "Image Processing_multiprocessing_2": {
    "gil_mean": 21.806693207938224,
    "nogil_mean": 21.568582625011913,
    "speedup": 1.0110396954248717,
    "p_value": 1.0,
    "significant": false
  },
  "Image Processing_multiprocessing_4": {
    "gil_mean": 13.037202416919172,
    "nogil_mean": 12.77041954093147,
    "speedup": 1.020890690014734,
    "p_value": 1.0,
    "significant": false
  },
  "Image Processing_multiprocessing_8": {
    "gil_mean": 15.015561083098873,
    "nogil_mean": 9.522407084004954,
    "speedup": 1.576866117005323,
    "p_value": 1.0,
    "significant": false
  },
  "Image Processing_sequential": {
    "gil_mean": 31.15998141700402,
    "nogil_mean": 28.3947827500524,
    "speedup": 1.097384040275727,
    "p_value": 1.0,
    "significant": false
  },
  "Image Processing_threading_2": {
    "gil_mean": 20.025088208029047,
    "nogil_mean": 18.700544124934822,
    "speedup": 1.07082917343181,
    "p_value": 1.0,
    "significant": false
  },
  "Image Processing_threading_4": {
    "gil_mean": 15.191953042056412,
    "nogil_mean": 16.903153000050224,
    "speedup": 0.8987644519345752,
    "p_value": 1.0,
    "significant": false
  },
  "Image Processing_threading_8": {
    "gil_mean": 14.329613708076067,
    "nogil_mean": 10.710488583077677,
    "speedup": 1.3379047647477562,
    "p_value": 1.0,
    "significant": false
  },
  "ML Training_linear_reg_loky_4": {
    "gil_mean": 0.35014799993950874,
    "nogil_mean": 0.2417123329360038,
    "speedup": 1.4486145397976633,
    "p_value": 1.0,
    "significant": false
  },
  "ML Training_linear_reg_loky_8": {
    "gil_mean": 0.3532324159750715,
    "nogil_mean": 0.2765888749854639,
    "speedup": 1.2771027612503778,
    "p_value": 1.0,
    "significant": false
  },
  "ML Training_linear_reg_threading_4": {
    "gil_mean": 0.4184807080309838,
    "nogil_mean": 0.20341441698838025,
    "speedup": 2.057281456382164,
    "p_value": 1.0,
    "significant": false
  },
  "ML Training_linear_reg_threading_8": {
    "gil_mean": 0.3770103750284761,
    "nogil_mean": 0.19629650004208088,
    "speedup": 1.9206168981497627,
    "p_value": 1.0,
    "significant": false
  },
  "ML Training_linear_regression_seq": {
    "gil_mean": 0.24097037501633167,
    "nogil_mean": 0.19018795806914568,
    "speedup": 1.2670117365092235,
    "p_value": 1.0,
    "significant": false
  },
  "ML Training_random_forest_loky_8": {
    "gil_mean": 50.362023458001204,
    "nogil_mean": 62.57335399999283,
    "speedup": 0.804847754493182,
    "p_value": 1.0,
    "significant": false
  },
  "ML Training_random_forest_seq": {
    "gil_mean": 144.4929789159214,
    "nogil_mean": 143.46735283301678,
    "speedup": 1.0071488464981881,
    "p_value": 1.0,
    "significant": false
  },
  "ML Training_random_forest_threading_8": {
    "gil_mean": 45.50765395804774,
    "nogil_mean": 42.74396174994763,
    "speedup": 1.0646569034538194,
    "p_value": 1.0,
    "significant": false
  },
  "Streaming_workers_1: avg_latency": {
    "gil_mean": 20.693550750031136,
    "nogil_mean": 20.67027354205493,
    "speedup": 1.0011261199775052,
    "p_value": 1.0,
    "significant": false
  },
  "Streaming_workers_1: throughput": {
    "gil_mean": 24162.11727100945,
    "nogil_mean": 24189.326713965842,
    "speedup": 0.9988751467422745,
    "p_value": 1.0,
    "significant": false
  },
  "Streaming_workers_2: avg_latency": {
    "gil_mean": 21.752881749998778,
    "nogil_mean": 10.793006666004658,
    "speedup": 2.0154607907836337,
    "p_value": 1.0,
    "significant": false
  },
  "Streaming_workers_2: throughput": {
    "gil_mean": 22985.460304680902,
    "nogil_mean": 46310.82101783939,
    "speedup": 0.4963302269209754,
    "p_value": 1.0,
    "significant": false
  },
  "Streaming_workers_4: avg_latency": {
    "gil_mean": 21.155032166978344,
    "nogil_mean": 9.199839249951765,
    "speedup": 2.299500196928904,
    "p_value": 1.0,
    "significant": false
  },
  "Streaming_workers_4: throughput": {
    "gil_mean": 23635.038511396502,
    "nogil_mean": 54034.531086896095,
    "speedup": 0.43740619259539076,
    "p_value": 1.0,
    "significant": false
  },
  "Streaming_workers_8: avg_latency": {
    "gil_mean": 20.872044041985646,
    "nogil_mean": 8.229190500103869,
    "speedup": 2.5363423099419315,
    "p_value": 1.0,
    "significant": false
  },
  "Streaming_workers_8: throughput": {
    "gil_mean": 23955.48797090778,
    "nogil_mean": 59758.85476633869,
    "speedup": 0.40086926137683554,
    "p_value": 1.0,
    "significant": false
  },
  "SIMD Vectorization_matrix: elementwise": {
    "gil_mean": 0.010933666955679655,
    "nogil_mean": 0.004780499963089824,
    "speedup": 2.287138801401182,
    "p_value": 1.0,
    "significant": false
  },
  "SIMD Vectorization_matrix: matmul": {
    "gil_mean": 0.020434833015315235,
    "nogil_mean": 0.011914000031538308,
    "speedup": 1.715194977440061,
    "p_value": 1.0,
    "significant": false
  },
  "SIMD Vectorization_matrix: reductions": {
    "gil_mean": 0.0023280830355361104,
    "nogil_mean": 0.0008899999083951116,
    "speedup": 2.615823904672323,
    "p_value": 1.0,
    "significant": false
  },
  "SIMD Vectorization_sequential: numpy": {
    "gil_mean": 0.40735820890404284,
    "nogil_mean": 0.18290145799983293,
    "speedup": 2.2272004463978354,
    "p_value": 1.0,
    "significant": false
  },
  "SIMD Vectorization_sequential: numpy_complex": {
    "gil_mean": 3.3642715830355883,
    "nogil_mean": 2.8308756250189617,
    "speedup": 1.1884208381684214,
    "p_value": 1.0,
    "significant": false
  },
  "SIMD Vectorization_sequential: python": {
    "gil_mean": 0.001291625085286796,
    "nogil_mean": 0.001132250064983964,
    "speedup": 1.14075955942214,
    "p_value": 1.0,
    "significant": false
  },
  "SIMD Vectorization_speedup_numpy_vs_python": {
    "gil_mean": 0.0031707353799541346,
    "nogil_mean": 0.006190492286753659,
    "speedup": 0.5121943834319665,
    "p_value": 1.0,
    "significant": false
  },
  "SIMD Vectorization_threaded: numpy_threaded_2": {
    "gil_mean": 0.07954454200807959,
    "nogil_mean": 0.14808454201556742,
    "speedup": 0.5371562819819333,
    "p_value": 1.0,
    "significant": false
  },
  "SIMD Vectorization_threaded: numpy_threaded_4": {
    "gil_mean": 0.06275483407080173,
    "nogil_mean": 0.060085125034675,
    "speedup": 1.044432112516801,
    "p_value": 1.0,
    "significant": false
  },