{
  "workers_1": {
    "avg_latency": {
      "mean": 26.881561125046574
    },
    "throughput": {
      "mean": 37200.22045263814
    }
  },
  "workers_2": {
    "avg_latency": {
      "mean": 15.136424000025727
    },
    "throughput": {
      "mean": 66040.49938956919
    }
  },
  "workers_4": {
    "avg_latency": {
      "mean": 12.118277332978323
    },
    "throughput": {
      "mean": 81998.94858106715
    }
  },
  "workers_8": {
    "avg_latency": {
      "mean": 11.541234916076064
    },
    "throughput": {
      "mean": 85253.78844374798
    }
  }
}