{
  "workers_1": {
    "avg_latency": {
      "mean": 60.95275589999801
    },
    "throughput": {
      "mean": 32812.29815512334
    }
  },
  "workers_2": {
    "avg_latency": {
      "mean": 33.35046970000258
    },
    "throughput": {
      "mean": 59885.15357970988
    }
  },
  "workers_4": {
    "avg_latency": {
      "mean": 17.140182200004347
    },
    "throughput": {
      "mean": 116364.28228184937
    }
  },
  "workers_8": {
    "avg_latency": {
      "mean": 11.280640800003312
    },
    "throughput": {
      "mean": 175092.62415521
    }
  }
}