{
  "workers_1": {
    "avg_latency": {
      "mean": 86.61009354100679
    },
    "throughput": {
      "mean": 23091.9967662889
    }
  },
  "workers_2": {
    "avg_latency": {
      "mean": 44.59545895800693
    },
    "throughput": {
      "mean": 44817.74706786216
    }
  },
  "workers_4": {
    "avg_latency": {
      "mean": 30.10059524999815
    },
    "throughput": {
      "mean": 66355.43195557794
    }
  },
  "workers_8": {
    "avg_latency": {
      "mean": 28.564586124994094
    },
    "throughput": {
      "mean": 68876.29988132833
    }
  }
}