{
  "workers_1": {
    "avg_latency": {
      "mean": 23.390636416967027
    },
    "throughput": {
      "mean": 42752.150139526384
    }
  },
  "workers_2": {
    "avg_latency": {
      "mean": 12.048125625005923
    },
    "throughput": {
      "mean": 82998.80255577179
    }
  },
  "workers_4": {
    "avg_latency": {
      "mean": 6.4069258329691365
    },
    "throughput": {
      "mean": 156045.19638720952
    }
  },
  "workers_8": {
    "avg_latency": {
      "mean": 6.7032290829811245
    },
    "throughput": {
      "mean": 147159.225448124
    }
  }
}