{
  "workers_1": {
    "avg_latency": {
      "mean": 23.367250583018176
    },
    "throughput": {
      "mean": 42794.93628933569
    }
  },
  "workers_2": {
    "avg_latency": {
      "mean": 12.28503108303994
    },
    "throughput": {
      "mean": 81397.35204244674
    }
  },
  "workers_4": {
    "avg_latency": {
      "mean": 7.4632104591000825
    },
    "throughput": {
      "mean": 133788.4018329841
    }
  },
  "workers_8": {
    "avg_latency": {
      "mean": 7.159899042104371
    },
    "throughput": {
      "mean": 137660.18124923893
    }
  }
}