{
  "workers_1": {
    "avg_latency": {
      "mean": 46.76221608299238
    },
    "throughput": {
      "mean": 42769.57269107353
    }
  },
  "workers_2": {
    "avg_latency": {
      "mean": 25.1236749170057
    },
    "throughput": {
      "mean": 79587.44118946437
    }
  },
  "workers_4": {
    "avg_latency": {
      "mean": 13.17199045799498
    },
    "throughput": {
      "mean": 151750.03399998756
    }
  },
  "workers_8": {
    "avg_latency": {
      "mean": 13.530240624997532
    },
    "throughput": {
      "mean": 145695.41329607094
    }
  }
}