{
  "workers_1": {
    "avg_latency": {
      "mean": 49.18314433298656
    },
    "throughput": {
      "mean": 40664.33789630565
    }
  },
  "workers_2": {
    "avg_latency": {
      "mean": 24.396985917002894
    },
    "throughput": {
      "mean": 81972.74887650172
    }
  },
  "workers_4": {
    "avg_latency": {
      "mean": 13.03801541699795
    },
    "throughput": {
      "mean": 153374.41595900976
    }
  },
  "workers_8": {
    "avg_latency": {
      "mean": 15.23557245900156
    },
    "throughput": {
      "mean": 129276.0744744473
    }
  }
}