{
  "sequential": {
    "avg_time": 0.9762455000018235,
    "all_times": [
      0.9786158750066534,
      0.9766222909966018,
      0.9734983340022154
    ]
  },
  "threading_2": {
    "avg_time": 1.1397193613326333,
    "all_times": [
      0.8173607919889037,
      1.5063181250006892,
      1.0954791670083068
    ]
  },
  "threading_4": {
    "avg_time": 0.8244438056620614,
    "all_times": [
      0.9066294170042966,
      0.8488204579916783,
      0.7178815419902094
    ]
  },
  "threading_8": {
    "avg_time": 0.7784690003415259,
    "all_times": [
      0.8401442920148838,
      0.749269624997396,
      0.7459930840122979
    ]
  },
  "multiprocessing_2": {
    "avg_time": 2.353705291665392,
    "all_times": [
      2.613189625000814,
      1.9825635830056854,
      2.4653626669896767
    ]
  },
  "multiprocessing_4": {
    "avg_time": 2.3742345553279542,
    "all_times": [
      2.3082241249794606,
      2.3566644999955315,
      2.457815041008871
    ]
  },
  "multiprocessing_8": {
    "avg_time": 2.674691069337617,
    "all_times": [
      2.6820310420007445,
      2.357537375006359,
      2.9845047910057474
    ]
  }
}