{
  "sequential": {
    "avg_time": 1.1939017919939943,
    "all_times": [
      1.1585557090002112,
      1.1599749999586493,
      1.2631746670231223
    ]
  },
  "threading_2": {
    "avg_time": 0.9076128476881422,
    "all_times": [
      0.9393584170029499,
      0.8578946670168079,
      0.9255854590446688
    ]
  },
  "threading_4": {
    "avg_time": 0.6166168746422045,
    "all_times": [
      0.6284095409791917,
      0.6001948329503648,
      0.621246249997057
    ]
  },
  "threading_8": {
    "avg_time": 0.559325096992931,
    "all_times": [
      0.5713497910182923,
      0.555219332978595,
      0.5514061669819057
    ]
  },
  "multiprocessing_2": {
    "avg_time": 2.294258361022609,
    "all_times": [
      2.4236939580296166,
      2.563234875036869,
      1.895846250001341
    ]
  },
  "multiprocessing_4": {
    "avg_time": 3.2597049166991687,
    "all_times": [
      3.7468033330515027,
      2.786133375018835,
      3.246178042027168
    ]
  },
  "multiprocessing_8": {
    "avg_time": 2.9505459026937992,
    "all_times": [
      2.9881423330516554,
      2.9598623330239207,
      2.903633042005822
    ]
  }
}