{
  "sequential": {
    "avg_time": 16.593149444350274,
    "all_times": [
      15.506035833008355,
      16.826503250020323,
      17.446909250022145
    ]
  },
  "threading_2": {
    "avg_time": 9.959710347340055,
    "all_times": [
      9.431861124990974,
      10.06929733400466,
      10.37797258302453
    ]
  },
  "threading_4": {
    "avg_time": 6.990771833331867,
    "all_times": [
      7.383969874994364,
      7.253827834007097,
      6.334517790994141
    ]
  },
  "threading_8": {
    "avg_time": 5.720771361346124,
    "all_times": [
      5.708852167008445,
      5.7805354590236675,
      5.672926458006259
    ]
  },
  "multiprocessing_2": {
    "avg_time": 9.935167916332526,
    "all_times": [
      10.206914417009102,
      9.99672266599373,
      9.601866665994748
    ]
  },
  "multiprocessing_4": {
    "avg_time": 7.108232708327705,
    "all_times": [
      6.746700082992902,
      7.09534500000882,
      7.4826530419813935
    ]
  },
  "multiprocessing_8": {
    "avg_time": 6.051767916661144,
    "all_times": [
      5.8751562499965075,
      6.175145457993494,
      6.10500204199343
    ]
  }
}