{
  "sequential": {
    "avg_time": 15.106460596997445,
    "all_times": [
      14.65459158300655,
      15.141324332973454,
      15.523465875012334
    ]
  },
  "threading_2": {
    "avg_time": 7.825627250014804,
    "all_times": [
      7.800120250030886,
      7.844718792010099,
      7.832042708003428
    ]
  },
  "threading_4": {
    "avg_time": 4.733304250306294,
    "all_times": [
      4.270746083988342,
      5.107417791965418,
      4.821748874965124
    ]
  },
  "threading_8": {
    "avg_time": 3.5449430416726195,
    "all_times": [
      3.4371452080085874,
      3.5153445840114728,
      3.682339332997799
    ]
  },
  "multiprocessing_2": {
    "avg_time": 7.458854347331605,
    "all_times": [
      7.701913167024031,
      7.4807906249770895,
      7.193859249993693
    ]
  },
  "multiprocessing_4": {
    "avg_time": 5.140987194686507,
    "all_times": [
      5.6321083339862525,
      5.293389625032432,
      4.497463625040837
    ]
  },
  "multiprocessing_8": {
    "avg_time": 3.6012668889792017,
    "all_times": [
      3.773585541988723,
      3.4638209579861723,
      3.5663941669627093
    ]
  }
}