{
  "linear_regression_seq": {
    "avg_time": 0.14398781931959093,
    "all_times": [
      0.14487699995515868,
      0.14321895799366757,
      0.14386750000994653
    ]
  },
  "linear_reg_threading_4": {
    "avg_time": 0.17893662499651933,
    "all_times": [
      0.14273416600190103,
      0.20737725001526996,
      0.18669845897238702
    ]
  },
  "linear_reg_threading_8": {
    "avg_time": 0.1588262919879829,
    "all_times": [
      0.15717554197181016,
      0.16153816698351875,
      0.15776516700861976
    ]
  },
  "linear_reg_loky_4": {
    "avg_time": 0.1468922500110542,
    "all_times": [
      0.15398141701007262,
      0.14444970805197954,
      0.14224562497111037
    ]
  },
  "linear_reg_loky_8": {
    "avg_time": 0.1420481113406519,
    "all_times": [
      0.14208604098530486,
      0.1409184590447694,
      0.14313983399188146
    ]
  },
  "random_forest_seq": {
    "avg_time": 81.84342197264777,
    "all_times": [
      80.79051670897752,
      82.3910102089867,
      82.3487389999791
    ]
  },
  "random_forest_threading_8": {
    "avg_time": 18.377894000014447,
    "all_times": [
      17.907473458035383,
      18.494189792021643,
      18.73201874998631
    ]
  },
  "random_forest_loky_8": {
    "avg_time": 20.46609284732646,
    "all_times": [
      20.23506133299088,
      21.99251045897836,
      19.17070675001014
    ]
  }
}