{
  "linear_regression": {
    "avg_time": 0.0445090136587775,
    "all_times": [
      0.047229791001882404,
      0.044177957985084504,
      0.04211929198936559
    ]
  },
  "ransac": {
    "avg_time": 0.058982416337433584,
    "all_times": [
      0.06085145799443126,
      0.057204000011552125,
      0.05889179100631736
    ]
  },
  "kmeans": {
    "avg_time": 3.496566083330739,
    "all_times": [
      3.5447398330143187,
      3.579954374989029,
      3.3650040419888683
    ]
  },
  "random_forest": {
    "avg_time": 46.397705597007494,
    "all_times": [
      46.46344016600051,
      46.407517000014195,
      46.32215962500777
    ]
  },
  "linear_regression_threaded_2": {
    "avg_time": 0.0327652916603256,
    "all_times": [
      0.03533199999947101,
      0.03212299998267554,
      0.03084087499883026
    ]
  },
  "linear_regression_threaded_4": {
    "avg_time": 0.02720811099667723,
    "all_times": [
      0.027939583000261337,
      0.02681462501641363,
      0.026870124973356724
    ]
  },
  "linear_regression_threaded_8": {
    "avg_time": 0.025192389002768323,
    "all_times": [
      0.028148874989710748,
      0.023263500013854355,
      0.024164792004739866
    ]
  }
}