{
  "sequential": {
    "python": 0.0006900419830344617,
    "numpy": 0.058099042042158544,
    "numpy_complex": 0.40387058298802003
  },
  "threaded": {
    "numpy_threaded_2": 0.030186332995072007,
    "numpy_threaded_4": 0.025677666999399662,
    "numpy_threaded_8": 0.028726832999382168
  },
  "matrix": {
    "matmul": 0.007926207967102528,
    "elementwise": 0.003186708956491202,
    "reductions": 0.0004395830328576267
  },
  "speedup_numpy_vs_python": 0.011876994159968162
}