{
  "Data Preprocessing_multiprocessing_2": {
    "gil_mean": 2.1249718055542974,
    "gil_std": 0.15689477638485633,
    "nogil_mean": 2.144389411770842,
    "nogil_std": 0.3786135628853555,
    "speedup": 0.990944925343336,
    "n_samples": 9,
    "t_statistic": -0.14213746977713151,
    "p_value": 0.8887458416289724,
    "significant": false,
    "cohens_d": -0.06700424582673843,
    "faster": "GIL",
    "ci_95_gil": [
      2.022467218316191,
      2.2274763927924037
    ],
    "ci_95_nogil": [
      1.8970285506857432,
      2.391750272855941
    ]
  },
  "Data Preprocessing_multiprocessing_4": {
    "gil_mean": 2.0531798982216665,
    "gil_std": 0.11078518390967503,
    "nogil_mean": 2.0451618841228387,
    "nogil_std": 0.33568979580670066,
    "speedup": 1.003920478941581,
    "n_samples": 9,
    "t_statistic": 0.06804572274564911,
    "p_value": 0.9465923469941743,
    "significant": false,
    "cohens_d": 0.03207706132279212,
    "faster": "No-GIL",
    "ci_95_gil": [
      1.980800244734012,
      2.125559551709321
    ],
    "ci_95_nogil": [
      1.825844550862461,
      2.2644792173832164
    ]
  },
  "Data Preprocessing_multiprocessing_8": {
    "gil_mean": 1.7833485047772735,
    "gil_std": 0.03827479775044905,
    "nogil_mean": 3.4399091345775457,
    "nogil_std": 0.8669741806279495,
    "speedup": 0.5184289569893787,
    "n_samples": 9,
    "t_statistic": -5.726636495976862,
    "p_value": 3.120691547072576e-05,
    "significant": true,
    "cohens_d": -2.6995623331304053,
    "faster": "GIL",
    "ci_95_gil": [
      1.7583423035803134,
      1.8083547059742335
    ],
    "ci_95_nogil": [
      2.873486003233952,
      4.00633226592114
    ]
  },
  "Data Preprocessing_sequential": {
    "gil_mean": 2.460311532343945,
    "gil_std": 0.059230318588801664,
    "nogil_mean": 2.468126875219039,
    "nogil_std": 0.08592276822120881,
    "speedup": 0.996833492251325,
    "n_samples": 9,
    "t_statistic": -0.22466548323518531,
    "p_value": 0.8250835584010714,
    "significant": false,
    "cohens_d": -0.10590832446276809,
    "faster": "GIL",
    "ci_95_gil": [
      2.4216143908659276,
      2.499008673821962
    ],
    "ci_95_nogil": [
      2.4119906666478492,
      2.5242630837902285
    ]
  },
  "Data Preprocessing_threading_2": {
    "gil_mean": 1.9201360972106665,
    "gil_std": 0.12553903366398347,
    "nogil_mean": 1.8238850233222668,
    "nogil_std": 0.06786052869134339,
    "speedup": 1.0527725556477652,
    "n_samples": 9,
    "t_statistic": 2.023408459845285,
    "p_value": 0.06006698504871169,
    "significant": false,
    "cohens_d": 0.9538438953778859,
    "faster": "No-GIL",
    "ci_95_gil": [
      1.8381172618835306,
      2.0021549325378025
    ],
    "ci_95_nogil": [
      1.7795494779105892,
      1.8682205687339444
    ]
  },
  "Data Preprocessing_threading_4": {
    "gil_mean": 1.6453383796744876,
    "gil_std": 0.07439179356285806,
    "nogil_mean": 2.1775067313444905,
    "nogil_std": 0.11209414683374334,
    "speedup": 0.7556065641453066,
    "n_samples": 9,
    "t_statistic": -11.866978842583123,
    "p_value": 2.417662020678905e-09,
    "significant": true,
    "cohens_d": -5.594147474525209,
    "faster": "GIL",
    "ci_95_gil": [
      1.5967357412134202,
      1.693941018135555
    ],
    "ci_95_nogil": [
      2.1042718887464447,
      2.2507415739425363
    ]
  },
  "Data Preprocessing_threading_8": {
    "gil_mean": 1.5185585786433269,
    "gil_std": 0.012906287163467901,
    "nogil_mean": 5.243475078786206,
    "nogil_std": 0.3834609549524643,
    "speedup": 0.28960919158117804,
    "n_samples": 9,
    "t_statistic": -29.125326182534454,
    "p_value": 2.73154108049372e-15,
    "significant": true,
    "cohens_d": -13.729810431960143,
    "faster": "GIL",
    "ci_95_gil": [
      1.5101264710298612,
      1.5269906862567926
    ],
    "ci_95_nogil": [
      4.992947254883929,
      5.494002902688483
    ]
  },
  "Image Processing_multiprocessing_2": {
    "gil_mean": 7.3633121896871465,
    "gil_std": 0.7766530870283993,
    "nogil_mean": 7.717190448867364,
    "nogil_std": 0.5535710172698692,
    "speedup": 0.9541441588716842,
    "n_samples": 9,
    "t_statistic": -1.1131214126774716,
    "p_value": 0.28210052876908404,
    "significant": false,
    "cohens_d": -0.5247304661254597,
    "faster": "GIL",
    "ci_95_gil": [
      6.855898839495259,
      7.870725539879034
    ],
    "ci_95_nogil": [
      7.355524050917716,
      8.078856846817011
    ]
  },
  "Image Processing_multiprocessing_4": {
    "gil_mean": 4.826126402632023,
    "gil_std": 0.4199760643050458,
    "nogil_mean": 4.261853629658516,
    "nogil_std": 0.5867129435625191,
    "speedup": 1.1324007866076622,
    "n_samples": 9,
    "t_statistic": 2.3461364905634894,
    "p_value": 0.03218071537205746,
    "significant": true,
    "cohens_d": 1.1059793480444344,
    "faster": "No-GIL",
    "ci_95_gil": [
      4.551742040619393,
      5.100510764644653
    ],
    "ci_95_nogil": [
      3.8785345065310035,
      4.645172752786029
    ]
  },
  "Image Processing_multiprocessing_8": {
    "gil_mean": 4.194752666659446,
    "gil_std": 0.12830084829161761,
    "nogil_mean": 4.407731810351834,
    "nogil_std": 0.30335437909919943,
    "speedup": 0.9516805575166364,
    "n_samples": 9,
    "t_statistic": -1.9398739482298968,
    "p_value": 0.07023185309380262,
    "significant": false,
    "cohens_d": -0.9144653489603213,
    "faster": "GIL",
    "ci_95_gil": [
      4.110929445775589,
      4.278575887543303
    ],
    "ci_95_nogil": [
      4.20954028267369,
      4.605923338029977
    ]
  },
  "Image Processing_sequential": {
    "gil_mean": 22.88888625023214,
    "gil_std": 0.6955480711217119,
    "nogil_mean": 23.45008426855525,
    "nogil_std": 0.8709531405305792,
    "speedup": 0.9760684007828648,
    "n_samples": 9,
    "t_statistic": -1.5104836005745657,
    "p_value": 0.15041604813854959,
    "significant": false,
    "cohens_d": -0.7120487978915652,
    "faster": "GIL",
    "ci_95_gil": [
      22.434461510432623,
      23.343310990031657
    ],
    "ci_95_nogil": [
      22.881061550075273,
      24.01910698703523
    ]
  },
  "Image Processing_threading_2": {
    "gil_mean": 14.81536009742154,
    "gil_std": 1.5957822339493009,
    "nogil_mean": 15.20145407868808,
    "nogil_std": 1.3452511479362106,
    "speedup": 0.9746015098774116,
    "n_samples": 9,
    "t_statistic": -0.5549569629199972,
    "p_value": 0.5865994176329047,
    "significant": false,
    "cohens_d": -0.2616092211649476,
    "faster": "GIL",
    "ci_95_gil": [
      13.77278237124133,
      15.857937823601748
    ],
    "ci_95_nogil": [
      14.322556662036423,
      16.080351495339738
    ]
  },
  "Image Processing_threading_4": {
    "gil_mean": 12.863070361199789,
    "gil_std": 0.2435148397531132,
    "nogil_mean": 14.644543527767787,
    "nogil_std": 1.336063743582135,
    "speedup": 0.8783524277701033,
    "n_samples": 9,
    "t_statistic": -3.9352924210635174,
    "p_value": 0.0011825325482558297,
    "significant": true,
    "cohens_d": -1.8551146379240264,
    "faster": "GIL",
    "ci_95_gil": [
      12.703973999227754,
      13.022166723171823
    ],
    "ci_95_nogil": [
      13.771648548627459,
      15.517438506908116
    ]
  },
  "Image Processing_threading_8": {
    "gil_mean": 10.653196967646686,
    "gil_std": 0.12845280688660463,
    "nogil_mean": 13.775576828539165,
    "nogil_std": 0.619623742885841,
    "speedup": 0.7733394470695575,
    "n_samples": 9,
    "t_statistic": -14.802725250303236,
    "p_value": 9.317284617408447e-11,
    "significant": true,
    "cohens_d": -6.978071603020501,
    "faster": "GIL",
    "ci_95_gil": [
      10.569274467147437,
      10.737119468145934
    ],
    "ci_95_nogil": [
      13.370755983187083,
      14.180397673891248
    ]
  },
  "ML Training_kmeans": {
    "gil_mean": 5.442982356581423,
    "gil_std": 0.603746282068852,
    "nogil_mean": 5.715071458136663,
    "nogil_std": 0.7096596648269409,