{
  "Data Preprocessing_multiprocessing_2": {
    "test": "Welch t-test",
    "equal_var": false,
    "gil_mean": 2.4552986415995597,
    "gil_std": 0.2954397166934469,
    "nogil_mean": 2.487397833335369,
    "nogil_std": 0.45999972473983186,
    "speedup": 0.987095272293951,
    "n_samples": 15,
    "t_statistic": -0.2273987756655418,
    "p_value": 0.8220500633937715,
    "significant": false,
    "cohens_d": -0.0830342926540494,
    "faster": "GIL",
    "ci_95_gil": [
      2.3057855161981307,
      2.6048117670009887
    ],
    "ci_95_nogil": [
      2.254605853640193,
      2.7201898130305446
    ]
  },
  "Data Preprocessing_multiprocessing_4": {
    "test": "Welch t-test",
    "equal_var": false,
    "gil_mean": 2.475983305465585,
    "gil_std": 0.282726166681703,
    "nogil_mean": 2.273590591530471,
    "nogil_std": 0.21448033644783251,
    "speedup": 1.089018979357613,
    "n_samples": 15,
    "t_statistic": 2.2088474764103827,
    "p_value": 0.03616461487460538,
    "significant": true,
    "cohens_d": 0.8065570592788847,
    "faster": "No-GIL",
    "ci_95_gil": [
      2.3329041240797994,
      2.6190624868513708
    ],
    "ci_95_nogil": [
      2.1650485654333522,
      2.3821326176275894
    ]
  },
  "Data Preprocessing_multiprocessing_8": {
    "test": "Welch t-test",
    "equal_var": false,
    "gil_mean": 2.4350508332659957,
    "gil_std": 0.5972324204661696,
    "nogil_mean": 2.373731566668721,
    "nogil_std": 0.23195016102177166,
    "speedup": 1.0258324350816674,
    "n_samples": 15,
    "t_statistic": 0.3706744434296883,
    "p_value": 0.7151756430375635,
    "significant": false,
    "cohens_d": 0.1353511694380753,
    "faster": "No-GIL",
    "ci_95_gil": [
      2.1328095274106613,
      2.73729213912133
    ],
    "ci_95_nogil": [
      2.2563485895258277,
      2.4911145438116145
    ]
  },
  "Data Preprocessing_sequential": {
    "test": "Welch t-test",
    "equal_var": false,
    "gil_mean": 1.1152937526717628,
    "gil_std": 0.2540994033088179,
    "nogil_mean": 0.9869720196040969,
    "nogil_std": 0.033223757775766034,
    "speedup": 1.1300155734092032,
    "n_samples": 15,
    "t_statistic": 1.939372636489416,
    "p_value": 0.07219551406386801,
    "significant": false,
    "cohens_d": 0.7081587602756798,
    "faster": "No-GIL",
    "ci_95_gil": [
      0.9867017123850471,
      1.2438857929584786
    ],
    "ci_95_nogil": [
      0.9701584783570714,
      1.0037855608511224
    ]
  },
  "Data Preprocessing_threading_2": {
    "test": "Welch t-test",
    "equal_var": false,
    "gil_mean": 0.7224959693305816,
    "gil_std": 0.03995621557687211,
    "nogil_mean": 0.8348952749996291,
    "nogil_std": 0.22878198918451312,
    "speedup": 0.8653731683065311,
    "n_samples": 15,
    "t_statistic": -1.8744033655179702,
    "p_value": 0.0806796168457306,
    "significant": false,
    "cohens_d": -0.6844353367718622,
    "faster": "GIL",
    "ci_95_gil": [
      0.7022753343497062,
      0.7427166043114569
    ],
    "ci_95_nogil": [
      0.719115614020516,
      0.9506749359787422
    ]
  },
  "Data Preprocessing_threading_4": {
    "test": "Welch t-test",
    "equal_var": false,
    "gil_mean": 0.7614897027320694,
    "gil_std": 0.08579948705639023,
    "nogil_mean": 0.7734020611989156,
    "nogil_std": 0.0678834471619406,
    "speedup": 0.9845974570479165,
    "n_samples": 15,
    "t_statistic": -0.4216979498047895,
    "p_value": 0.6766349543725653,
    "significant": false,
    "cohens_d": -0.15398231970784299,
    "faster": "GIL",
    "ci_95_gil": [
      0.7180691714263511,
      0.8049102340377877
    ],
    "ci_95_nogil": [
      0.7390482970476463,
      0.807755825350185
    ]
  },
  "Data Preprocessing_threading_8": {
    "test": "Welch t-test",
    "equal_var": false,
    "gil_mean": 0.7795466889957121,
    "gil_std": 0.03335206569195173,
    "nogil_mean": 0.77972943620213,
    "nogil_std": 0.07384135281555834,
    "speedup": 0.999765627411339,
    "n_samples": 15,
    "t_statistic": -0.00873538661960942,
    "p_value": 0.9931190822478021,
    "significant": false,
    "cohens_d": -0.0031897122000592534,
    "faster": "GIL",
    "ci_95_gil": [
      0.762668214984137,
      0.7964251630072873
    ],
    "ci_95_nogil": [
      0.742360555785895,
      0.817098316618365
    ]
  },
  "Image Processing_multiprocessing_2": {
    "test": "Welch t-test",
    "equal_var": false,
    "gil_mean": 10.152809627802345,
    "gil_std": 3.877866547864734,
    "nogil_mean": 9.84209858319761,
    "nogil_std": 0.32561150079330886,
    "speedup": 1.0315695928036304,
    "n_samples": 15,
    "t_statistic": 0.3092315933339316,
    "p_value": 0.7616370361462949,
    "significant": false,
    "cohens_d": 0.11291541277483899,
    "faster": "No-GIL",
    "ci_95_gil": [
      8.190338386799537,
      12.115280868805153
    ],
    "ci_95_nogil": [
      9.677316428329881,
      10.006880738065338
    ]
  },
  "Image Processing_multiprocessing_4": {
    "test": "Welch t-test",
    "equal_var": false,
    "gil_mean": 6.111566635937197,
    "gil_std": 2.5113679427883304,
    "nogil_mean": 7.042906299929988,
    "nogil_std": 0.2680410382091679,
    "speedup": 0.867762025457864,
    "n_samples": 15,
    "t_statistic": -1.4281825657708642,
    "p_value": 0.17468713423377835,
    "significant": false,
    "cohens_d": -0.5214985383388719,
    "faster": "GIL",
    "ci_95_gil": [
      4.840639103371061,
      7.3824941685033325
    ],
    "ci_95_nogil": [
      6.907258818924312,
      7.178553780935664
    ]
  },
  "Image Processing_multiprocessing_8": {
    "test": "Welch t-test",
    "equal_var": false,
    "gil_mean": 4.654562430465982,
    "gil_std": 1.6966114639860497,
    "nogil_mean": 6.0118124307327285,
    "nogil_std": 0.13370581687339705,
    "speedup": 0.7742361366218935,
    "n_samples": 15,
    "t_statistic": -3.088720650792952,
    "p_value": 0.007912539521736432,
    "significant": true,
    "cohens_d": -1.1278413161808911,
    "faster": "GIL",
    "ci_95_gil": [
      3.795958565652315,
      5.51316629527965
    ],
    "ci_95_nogil": [
      5.94414795153261,
      6.079476909932847
    ]
  },
  "Image Processing_sequential": {
    "test": "Welch t-test",
    "equal_var": false,
    "gil_mean": 18.74953658026061,
    "gil_std": 4.074256010503564,
    "nogil_mean": 16.139613472196896,
    "nogil_std": 0.8191158219022542,
    "speedup": 1.1617091457958229,
    "n_samples": 15,
    "t_statistic": 2.432320085212573,
    "p_value": 0.02787460902876526,
    "significant": true,
    "cohens_d": 0.8881577184958759,
    "faster": "No-GIL",
    "ci_95_gil": [
      16.687678558483483,
      20.811394602037737
    ],
    "ci_95_nogil": [
      15.725083672449484,
      16.554143271944305
    ]
  },
  "Image Processing_threading_2": {
    "test": "Welch t-test",
    "equal_var": false,
    "gil_mean": 10.466452422202565,
    "gil_std": 3.0048931195715607,
    "nogil_mean": 9.340075797269431,
    "nogil_std": 0.431848674137879,
    "speedup": 1.1205960903724603,
    "n_samples": 15,
    "t_statistic": 1.4370138334092093,
    "p_value": 0.17182942305096505,
    "significant": false,
    "cohens_d": 0.5247232613367965,
    "faster": "No-GIL",
    "ci_95_gil": [
      8.945766690329334,
      11.987138154075796
    ],
    "ci_95_nogil": [
      9.121530214795111,
      9.558621379743752
    ]
  },
  "Image Processing_threading_4": {
    "test": "Welch t-test",
    "equal_var": false,
    "gil_mean": 8.022183513930456,
    "gil_std": 4.2581018145075165,
    "nogil_mean": 6.297268205531873,
    "nogil_std": 0.7940195525257594,
    "speedup": 1.2739148551562915,
    "n_samples": 15,
    "t_statistic": 1.5423218790977045,
    "p_value": 0.14386355092214081,
    "significant": false,
    "cohens_d": 0.5631763227437122,
    "faster": "No-GIL",
    "ci_95_gil": [
      5.8672866784954785,
      10.177080349365433
    ],
    "ci_95_nogil": [
      5.8954388704084835,
      6.699097540655263
    ]
  },