{
  "Data Preprocessing_multiprocessing_2": {
    "test": "Welch t-test",
    "equal_var": false,
    "gil_mean": 3.0878408330027014,
    "gil_std": 0.6190741260070354,
    "nogil_mean": 3.222692291979911,
    "nogil_std": 1.327813625044655,
    "speedup": 0.9581556516230839,
    "n_samples": 3,
    "t_statistic": -0.8658576928421415,
    "p_value": 0.4545463511722547,
    "significant": false,
    "cohens_d": -0.7069698457755779,
    "faster": "GIL",
    "ci_95_gil": [
      2.97229313387336,
      3.707929754797812
    ],
    "ci_95_nogil": [
      2.923438494752919,
      4.542323894585811
    ]
  },
  "Data Preprocessing_multiprocessing_4": {
    "test": "Welch t-test",
    "equal_var": false,
    "gil_mean": 2.672951999993529,
    "gil_std": 0.43561487502302043,
    "nogil_mean": 2.8538124169863295,
    "nogil_std": 0.28566549901734106,
    "speedup": 0.9366249807043058,
    "n_samples": 3,
    "t_statistic": -0.3230554521960269,
    "p_value": 0.7650851600227149,
    "significant": false,
    "cohens_d": -0.26377367216811637,
    "faster": "GIL",
    "ci_95_gil": [
      2.6675236530500945,
      3.1745598189711397
    ],
    "ci_95_nogil": [
      2.802162130267565,
      3.1403798970652548
    ]
  },
  "Data Preprocessing_multiprocessing_8": {
    "test": "Welch t-test",
    "equal_var": false,
    "gil_mean": 2.711878041009186,
    "gil_std": 0.2210464589879848,
    "nogil_mean": 2.7619746250275057,
    "nogil_std": 0.3168052499531768,
    "speedup": 0.9818620404530976,
    "n_samples": 3,
    "t_statistic": -1.1335977709670864,
    "p_value": 0.3321790295365144,
    "significant": false,
    "cohens_d": -0.9255787041419173,
    "faster": "GIL",
    "ci_95_gil": [
      2.7059530672091157,
      2.959273710146692
    ],
    "ci_95_nogil": [
      2.7661889929252226,
      3.1793217017542714
    ]
  },
  "Data Preprocessing_sequential": {
    "test": "Welch t-test",
    "equal_var": false,
    "gil_mean": 1.2110542919836007,
    "gil_std": 0.8124513330403715,
    "nogil_mean": 1.2123922500177287,
    "nogil_std": 0.017032582982210442,
    "speedup": 0.9988964313866998,
    "n_samples": 3,
    "t_statistic": 1.0927301779525689,
    "p_value": 0.3885069782683736,
    "significant": false,
    "cohens_d": 0.8922104541748181,
    "faster": "GIL",
    "ci_95_gil": [
      0.9961979172166592,
      2.0147210827860516
    ],
    "ci_95_nogil": [
      1.211783284211164,
      1.2311902984643615
    ]
  },
  "Data Preprocessing_threading_2": {
    "test": "Welch t-test",
    "equal_var": false,
    "gil_mean": 1.0289341250027064,
    "gil_std": 0.3993373339762911,
    "nogil_mean": 1.0007379169983324,
    "nogil_std": 0.30273854100960307,
    "speedup": 1.0281754168853192,
    "n_samples": 3,
    "t_statistic": 0.3806624134590261,
    "p_value": 0.7242025107969658,
    "significant": false,
    "cohens_d": 0.31080955907699126,
    "faster": "No-GIL",
    "ci_95_gil": [
      0.9198561786421717,
      1.4236825999978475
    ],
    "ci_95_nogil": [
      0.9208321150878954,
      1.3002163295768312
    ]
  },
  "Data Preprocessing_threading_4": {
    "test": "Welch t-test",
    "equal_var": false,
    "gil_mean": 0.9212129579973407,
    "gil_std": 0.14128141701803543,
    "nogil_mean": 0.8579120829817839,
    "nogil_std": 0.05557250100537203,
    "speedup": 1.0737848041439706,
    "n_samples": 3,
    "t_statistic": 2.4939603181553767,
    "p_value": 0.09920009839080841,
    "significant": false,
    "cohens_d": 2.036310072743289,
    "faster": "No-GIL",
    "ci_95_gil": [
      0.9109786723101458,
      1.0708940776897957
    ],
    "ci_95_nogil": [
      0.8482058932928872,
      0.9137551066696762
    ]
  },
  "Data Preprocessing_threading_8": {
    "test": "Welch t-test",
    "equal_var": false,
    "gil_mean": 0.9251749160175677,
    "gil_std": 0.17717266699764878,
    "nogil_mean": 0.9221313750022091,
    "nogil_std": 0.11892337500466965,
    "speedup": 1.0033005503314008,
    "n_samples": 3,
    "t_statistic": 0.9772430549750418,
    "p_value": 0.3936488296765444,
    "significant": false,
    "cohens_d": 0.7979156131224874,
    "faster": "No-GIL",
    "ci_95_gil": [
      0.9271365826594187,
      1.1497600833658586
    ],
    "ci_95_nogil": [
      0.9037304022828502,
      1.0423964310618044
    ]
  },
  "Image Processing_multiprocessing_2": {
    "test": "Welch t-test",
    "equal_var": false,
    "gil_mean": 1.172233707999112,
    "gil_std": 0.15076691698050126,
    "nogil_mean": 1.203728416992817,
    "nogil_std": 0.3146191660198383,
    "speedup": 0.9738357020162522,
    "n_samples": 3,
    "t_statistic": -0.3637306270774403,
    "p_value": 0.7412311082795326,
    "significant": false,
    "cohens_d": -0.29698481338742777,
    "faster": "GIL",
    "ci_95_gil": [
      1.1741287372577052,
      1.3669878180606863
    ],
    "ci_95_nogil": [
      1.1099439896272763,
      1.5143118157072657
    ]
  },
  "Image Processing_multiprocessing_4": {
    "test": "Welch t-test",
    "equal_var": false,
    "gil_mean": 0.7315111659991089,
    "gil_std": 0.07790849998127669,
    "nogil_mean": 1.0116770419990644,
    "nogil_std": 0.33792470800108276,
    "speedup": 0.7230678720885567,
    "n_samples": 3,
    "t_statistic": -4.244026737205945,
    "p_value": 0.04313160260301299,
    "significant": true,
    "cohens_d": -3.465233320294507,
    "faster": "GIL",
    "ci_95_gil": [
      0.7230891944236518,
      0.8119930828943452
    ],
    "ci_95_nogil": [
      1.0073811686335081,
      1.400567248703327
    ]
  },
  "Image Processing_multiprocessing_8": {
    "test": "Welch t-test",
    "equal_var": false,
    "gil_mean": 0.6772634169901721,
    "gil_std": 0.09014370801742189,
    "nogil_mean": 1.2227899999998044,
    "nogil_std": 0.19694358398555778,
    "speedup": 0.5538673173564393,
    "n_samples": 3,
    "t_statistic": -8.909231336268538,
    "p_value": 0.004985464052454114,
    "significant": true,
    "cohens_d": -7.274356924757417,
    "faster": "GIL",
    "ci_95_gil": [
      0.67354266051714,
      0.7759949508165134
    ],
    "ci_95_nogil": [
      1.2254145784449069,
      1.4826279222121226
    ]
  },
  "Image Processing_sequential": {
    "test": "Welch t-test",
    "equal_var": false,
    "gil_mean": 1.748868541995762,
    "gil_std": 0.3783107489871327,
    "nogil_mean": 1.5158998330007307,
    "nogil_std": 0.040350374998524785,
    "speedup": 1.1536834452536804,
    "n_samples": 3,
    "t_statistic": 2.707710638518096,
    "p_value": 0.11149771493905183,
    "significant": false,
    "cohens_d": 2.2108364784916548,
    "faster": "No-GIL",
    "ci_95_gil": [
      1.632834468078347,
      2.1222248092306026
    ],
    "ci_95_nogil": [
      1.514846049156277,
      1.5611131448296323
    ]
  },
  "Image Processing_threading_2": {
    "test": "Welch t-test",
    "equal_var": false,
    "gil_mean": 1.1124780420213938,
    "gil_std": 0.13655229099094868,
    "nogil_mean": 1.0789438750070985,
    "nogil_std": 0.17876199999591336,
    "speedup": 1.0310805481092096,
    "n_samples": 3,
    "t_statistic": -0.39571541622938605,
    "p_value": 0.713478357940724,
    "significant": false,
    "cohens_d": -0.3231002843716857,
    "faster": "No-GIL",
    "ci_95_gil": [
      1.0741608236061047,
      1.2473940930718919
    ],
    "ci_95_nogil": [
      1.0800030174521456,
      1.2977256765694012
    ]
  },
  "Image Processing_threading_4": {
    "test": "Welch t-test",
    "equal_var": false,
    "gil_mean": 0.7555246249830816,
    "gil_std": 0.04003208302310668,
    "nogil_mean": 0.8730934580089524,
    "nogil_std": 0.06645558300078847,
    "speedup": 0.8653422128554474,
    "n_samples": 3,
    "t_statistic": -5.720731363041907,
    "p_value": 0.009774527608317034,
    "significant": true,
    "cohens_d": -4.670957598329728,
    "faster": "GIL",
    "ci_95_gil": [
      0.7539360452497573,
      0.799464010080955
    ],
    "ci_95_nogil": [
      0.8738393104511498,
      0.9574611615552072
    ]
  },