{
  "workers_1": {
    "avg_latency": 1.8958175977071125e-05,
    "p50_latency": 1.7881393432617188e-05,
    "p95_latency": 2.2331873575846355e-05,
    "p99_latency": 3.298123677571615e-05,
    "throughput": 25472383.08631374
  },
  "workers_2": {
    "avg_latency": 1.9916818936665853e-05,
    "p50_latency": 1.811981201171875e-05,
    "p95_latency": 2.296765645345052e-05,
    "p99_latency": 3.47296396891276e-05,
    "throughput": 8570538.447234582
  },
  "workers_4": {
    "avg_latency": 1.9556523958841958e-05,
    "p50_latency": 1.811981201171875e-05,
    "p95_latency": 2.4000803629557293e-05,
    "p99_latency": 3.4968058268229164e-05,
    "throughput": 17348513.174492355
  },
  "workers_8": {
    "avg_latency": 2.0018974939982096e-05,
    "p50_latency": 1.8358230590820312e-05,
    "p95_latency": 2.4080276489257812e-05,
    "p99_latency": 3.62396240234375e-05,
    "throughput": 15630472.951512424
  }
}