{
  "workers_1": {
    "avg_latency": {
      "mean": 5.219067333033308
    },
    "throughput": {
      "mean": 9580.255781325564
    }
  },
  "workers_2": {
    "avg_latency": {
      "mean": 2.689256249985192
    },
    "throughput": {
      "mean": 18591.757472603644
    }
  },
  "workers_4": {
    "avg_latency": {
      "mean": 1.3986087500234134
    },
    "throughput": {
      "mean": 35746.952078925635
    }
  },
  "workers_8": {
    "avg_latency": {
      "mean": 1.0160439579631202
    },
    "throughput": {
      "mean": 49065.79047118722
    }
  }
}